Settlement,Raw Sugar,Crude Oil,Wheat,Corn,Arabica Coffee,Gold,Soybean,Dow Jone,RBOB Gasoline,Specs Net Long,Line(QBRL=),Line(QTHB=),Line(QINR=),Line(Q.DXY),Line(QAUD=)
Timestamp,Trade Close,Trade Close,Trade Close,Trade Close,Trade Close,Trade Close,Trade Close,Trade Close,Trade Close,,ค่าเงินบราซิล,ค่าเงินไทย,ค่าเงินอินเดีย, Dollar Index,ค่าเงินออสเตรเลีย
3/1/2017,20.51,52.33,414,355.75,137.4,1160.4,986.75,19881.76,1.6218,160082,3.2644,35.92,68.25,103.21,0.7224
4/1/2017,20.89,53.26,426.5,359.75,141.8,1163.8,1006.25,19942.16,1.65,198107,3.216,35.81,67.88,102.7,0.7283
5/1/2017,20.78,53.76,434.5,361.25,143.75,1179.7,1003.5,19899.29,1.64,180977,3.1988,35.67,67.73,101.52,0.7336
6/1/2017,20.75,53.99,433.5,358,142.85,1171.9,986,19963.8,1.63,176738,3.2239,35.72,68.09,102.22,0.7291
9/1/2017,20.42,51.96,438.5,360,144.2,1183.5,996.5,19887.38,1.57,208211,3.1967,35.64,68.09,101.93,0.7352
10/1/2017,20.48,50.82,438.25,358.25,147.7,1184.2,1005.5,19855.53,1.55,212384,3.1955,35.54,68.32,102.01,0.7367
11/1/2017,20.56,52.25,431.75,357.25,149,1195.6,1003,19954.28,1.59,217808,3.1965,35.44,68.26,101.78,0.744
12/1/2017,20.76,53.01,444.75,358.25,149.6,1198.9,1032,19891,1.61,191830,3.1878,35.36,68.13,101.35,0.7482
13/1/2017,20.52,52.37,449,358.5,149.3,1195.3,1042.5,19885.73,1.61,212219,3.2205,35.42,68.16,101.18,0.7499
16/1/2017,20.52,52.37,449,358.5,149.3,1195.3,1042.5,19885.73,1.61,201021,3.2415,35.41,68.09,101.18,0.7475
17/1/2017,20.73,52.48,452,365.5,149.9,1212,1069.25,19826.77,1.60,190543,3.2113,35.27,67.85,100.33,0.7566
18/1/2017,20.98,51.08,452.25,365,149.2,1211.3,1075,19804.72,1.55,158980,3.2307,35.42,68.21,100.93,0.7505
19/1/2017,20.18,51.37,442.25,366.25,150.75,1200.9,1070.25,19732.4,1.5345,197972,3.196,35.37,68.09,101.15,0.7558
20/1/2017,20.18,52.42,443,369.75,153.2,1204.3,1067.5,19827.25,1.566,149122,3.1685,35.39,68.05,100.74,0.7553
23/1/2017,20.64,52.75,444.75,369.5,155.4,1215,1057.75,19799.85,1.5667,73666,3.1628,35.24,68.04,100.16,0.7579
24/1/2017,20.58,53.18,441.75,363.25,152.35,1210.3,1058.5,19912.71,1.5759,43359,3.1697,35.23,68.13,100.35,0.7578
25/1/2017,20.34,52.75,437.75,366.25,152.9,1197.3,1055.25,20068.51,1.5238,27388,3.1697,35.21,67.98,100.03,0.757
26/1/2017,20.36,53.78,440.25,363.75,151.45,1189.5,1049.5,20100.91,1.5427,21081,3.1775,35.31,68.17,100.38,0.7535
27/1/2017,20.33,53.17,434.25,362.5,152.4,1188.1,1049.25,20093.78,1.5271,52241,3.14,35.26,68.08,100.53,0.7546
30/1/2017,20.31,52.63,425.75,357.75,151.15,1193.2,1022.75,19971.13,1.5055,102574,3.1255,35.21,67.82,100.43,0.7552
31/1/2017,20.45,52.81,429.5,359.75,149.55,1208.6,1024.5,19864.09,1.5256,141628,3.1507,35.08,67.49,99.512,0.7583
1/2/2017,20.84,53.88,440.5,368.25,150.15,1205.6,1036.75,19890.94,1.58,202804,3.1285,35.1,67.4,99.641,0.7582
2/2/2017,20.55,53.54,443.5,367.5,145.95,1216.7,1037.25,19884.91,1.53,224258,3.1235,35.05,67.21,99.79,0.7655
3/2/2017,21.11,53.83,440.5,365.25,146.25,1218.5,1027,20071.46,1.55,207932,3.1174,35.01,67.18,99.868,0.7683
6/2/2017,21.18,53.01,435.75,363.75,144.2,1230,1036,20052.42,1.51,173982,3.1155,34.99,67.17,99.907,0.7657
7/2/2017,20.72,52.17,439.5,368.5,142.6,1234.2,1042.75,20090.29,1.49,177262,3.12,35.02,67.33,100.26,0.7624
8/2/2017,20.76,52.34,442,370.75,142.9,1237.6,1058.75,20054.34,1.55,210322,3.117,35.01,67.05,100.28,0.7645
9/2/2017,20.65,53,451.25,369.5,145.2,1235.1,1050.5,20172.4,1.57,234409,3.1299,35.08,66.74,100.65,0.7622
10/2/2017,20.42,53.86,460.5,374.5,145.75,1234.4,1059,20269.37,1.59,249466,3.1145,35.05,66.81,100.8,0.7669
13/2/2017,20,52.93,466.75,375.5,144.25,1224.4,1054.25,20412.16,1.54,279045,3.111,35.06,66.92,100.96,0.7638
14/2/2017,20.47,53.2,465.25,374.25,143.65,1223.9,1045,20504.41,1.55,284210,3.084,35.01,66.81,101.25,0.766
15/2/2017,20.48,53.11,469.25,378.75,144.5,1231.7,1061.25,20611.86,1.55,298931,3.0565,35.02,66.85,101.18,0.7708
16/2/2017,20.36,53.36,458,373.5,146.3,1240,1043.75,20619.77,1.5247,315438,3.0889,34.98,67.06,100.44,0.7694
17/2/2017,20.3,53.4,456.25,368.25,147.8,1237.6,1032.5,20624.05,1.5166,324857,3.1035,34.98,67.06,100.95,0.7669
20/2/2017,20.3,53.4,456.25,368.25,147.8,1237.6,1032.5,20624.05,1.5166,337801,3.086,35.01,66.9,100.95,0.7686
21/2/2017,20.8,54.06,452.25,369.25,150.35,1237.5,1026.25,20743,1.494,334387,3.0949,35.01,66.96,101.37,0.7674
22/2/2017,20.71,53.59,457.75,371,149.2,1232,1022.75,20775.6,1.5133,340512,3.063,35.01,66.89,101.22,0.7702
23/2/2017,20.16,54.45,457.75,365.5,147.85,1250.2,1011.5,20810.32,1.5286,334393,3.059,34.96,66.69,101.05,0.7713
24/2/2017,19.8,53.99,453.75,364,144.4,1256.9,1013.5,20821.76,1.5148,322056,3.11,34.86,66.62,101.09,0.7669
27/2/2017,19.09,54.05,444,360.25,139.1,1257.4,1011,20837.44,1.5327,322950,3.1085,34.82,66.69,101.13,0.7671
28/2/2017,19.31,54.01,451.25,366.75,140.7,1252.6,1025,20812.24,1.512,302595,3.1086,34.93,66.7,101.12,0.7657
1/3/2017,19.48,53.83,465.5,375.75,142.65,1248.9,1041.25,21115.55,1.678,332368,3.089,34.98,66.84,101.78,0.7674
2/3/2017,19.66,52.61,460.25,372.75,142.2,1231.9,1026.75,21002.97,1.64,323704,3.156,35.04,66.76,102.2,0.7571
3/3/2017,19.52,53.33,462,374.75,141.25,1225.5,1027,21005.71,1.65,327272,3.1143,35.02,66.75,101.54,0.7594
6/3/2017,19.15,53.2,464.25,372.75,139.65,1224.5,1026.75,20954.34,1.67,327043,3.1383,35.07,66.65,101.64,0.7576
7/3/2017,18.4,53.14,463.25,369.5,139,1215.1,1014.75,20924.76,1.68,310279,3.1187,35.11,66.61,101.81,0.7584
8/3/2017,18.4,50.28,457,365.25,140.05,1208.5,1011,20855.73,1.65,317057,3.1624,35.29,66.76,102.07,0.7526
9/3/2017,18,49.28,453.25,359.75,138.75,1202.4,1000.25,20858.19,1.62,347983,3.1929,35.37,66.67,101.85,0.7504
10/3/2017,18.22,48.49,445.25,358,139.65,1200.7,996.25,20902.98,1.60,348218,3.138,35.31,66.53,101.25,0.754
13/3/2017,18.18,48.4,432.5,354.5,140.5,1202.4,996.25,20881.48,1.58,348198,3.1523,35.28,66.16,101.31,0.7567
14/3/2017,18.16,47.72,433.25,353.75,139.6,1201.9,987.25,20837.37,1.58,339590,3.1683,35.3,65.75,101.7,0.7558
15/3/2017,18.23,48.86,447.25,363.5,139.2,1200.1,998,20950.1,1.58,327210,3.1033,35.06,65.62,100.74,0.7707
16/3/2017,18.25,48.75,450,366,139.75,1226.5,1001.5,20934.55,1.59,314209,3.118,34.91,65.36,100.36,0.7677
17/3/2017,18.17,48.78,453.5,367.5,140.8,1229.8,1000,20914.62,1.5989,267530,3.0911,34.83,65.45,100.3,0.7698
20/3/2017,17.7,48.22,445.25,363.5,144,1233.6,999.5,20905.86,1.6113,280240,3.072,34.65,65.32,100.41,0.7729
21/3/2017,17.29,47.34,438.25,361.25,143.5,1246.1,1001.5,20668.01,1.6052,254809,3.0878,34.72,65.31,99.813,0.7688
22/3/2017,17.3,48.04,432.5,358.75,141.7,1249.3,999.75,20661.3,1.6019,191449,3.087,34.53,65.43,99.677,0.7676
23/3/2017,17.6,47.7,428,356.75,140.5,1246.9,991,20656.58,1.5896,186456,3.1383,34.58,65.43,99.76,0.7626
24/3/2017,17.71,47.97,428,356.25,137.6,1248.2,975.75,20596.72,1.6048,186313,3.1073,34.56,65.4,99.627,0.7622
27/3/2017,17.7,47.73,421.25,355.75,139.2,1255.4,971.5,20550.98,1.6189,154567,3.1256,34.36,64.97,99.166,0.7615
28/3/2017,17.56,48.37,424,357.75,138.85,1255.3,972,20701.5,1.6349,131040,3.1398,34.44,65.02,99.712,0.7633
29/3/2017,17.12,49.51,423.5,358.5,139.3,1253.4,969,20659.32,1.672,130095,3.1193,34.41,64.85,99.998,0.7667
30/3/2017,16.81,50.35,417.25,357.5,139.3,1245,963,20728.49,1.6812,149628,3.1483,34.44,64.85,100.41,0.764
31/3/2017,16.76,50.6,420.5,364.25,139.3,1247.3,946,20663.22,1.7001,183577,3.123,34.34,64.85,100.35,0.7628
3/4/2017,16.54,50.24,419,367.75,137.85,1250.8,938.25,20650.21,1.69,194721,3.1138,34.36,64.96,100.54,0.7601
4/4/2017,16.16,51.03,421.75,363,137.75,1255,937.75,20689.24,1.72,191601,3.0927,34.45,65.07,100.54,0.7563
5/4/2017,16.1,51.15,425,364.75,137.3,1245.4,944.25,20648.15,1.72,189953,3.1192,34.53,64.87,100.56,0.7566
6/4/2017,16.45,51.7,420,360.75,137.75,1250.3,941.5,20662.95,1.73,213526,3.142,34.57,64.6,100.67,0.7545
7/4/2017,16.77,52.24,421.75,359.5,140.05,1254.3,942,20656.1,1.75,185673,3.1457,34.6,64.27,101.18,0.7495
10/4/2017,16.63,53.08,425.5,367,139.85,1251.1,941.75,20658.02,1.76,194902,3.1311,34.61,64.58,101.02,0.75
11/4/2017,16.72,53.4,429.75,366.5,140.2,1271.2,939.25,20651.3,1.76,144278,3.136,34.54,64.55,100.71,0.7496
12/4/2017,16.7,53.11,430,369,138.3,1275.3,947.75,20591.86,1.74,115003,3.1251,34.39,64.69,100.78,0.752
13/4/2017,16.6,53.18,427.25,371,138.9,1285.9,955.5,20453.25,1.73,90350,3.1437,34.36,64.43,100.56,0.7567
17/4/2017,16.47,52.65,416.25,366.5,141.1,1289.4,953.25,20636.92,1.72,67782,3.144,34.34,64.46,100.56,0.7572
18/4/2017,16.7,52.41,419.25,361.75,142.9,1291.7,946,20523.28,1.71,56342,3.0979,34.28,64.46,100.29,0.7586
19/4/2017,16.42,50.44,416.75,361.75,138,1281.4,950.25,20404.49,1.659,36295,3.1072,34.32,64.59,99.499,0.756
20/4/2017,16.33,50.27,402.75,357.75,131.65,1281.9,946.75,20578.71,1.6705,26898,3.1514,34.39,64.64,99.738,0.7494
21/4/2017,16.41,49.62,404.5,357,129.85,1287.4,951,20547.76,1.6445,24230,3.1483,34.38,64.61,99.778,0.7526
24/4/2017,16.24,49.23,401.75,359.25,129.5,1275.8,961.25,20763.89,1.6214,5725,3.1475,34.35,64.63,99.977,0.7542
25/4/2017,16.18,49.56,412,365,129.9,1265.6,954.5,20996.12,1.623,-17254,3.1271,34.34,64.49,99.092,0.7566
26/4/2017,15.38,49.62,412.25,359,128.15,1262.1,945.75,20975.09,1.5903,-26241,3.1459,34.43,64.33,98.785,0.7535
27/4/2017,15.18,48.97,420.75,362,127.1,1263.7,945.75,20981.33,1.55,-27550,3.171,34.47,64.11,99.045,0.7472
28/4/2017,16.04,49.33,424.75,358,131.05,1266.1,945.25,20940.51,1.548,-6314,3.1832,34.59,64.1,99.076,0.7461
1/5/2017,16.18,48.84,452.75,369.25,133.6,1253.3,959,20913.46,1.5272,-30445,3.1758,34.58,64.27,99.05,0.7484
2/5/2017,15.88,47.66,454.75,364,134,1255.1,958,20949.89,1.5136,-59141,3.1755,34.59,64.24,99.077,0.7523
3/5/2017,15.77,47.82,450.5,366.25,135,1246.4,965.5,20957.9,1.53,-71751,3.1514,34.46,64.15,98.976,0.7535
4/5/2017,15.37,45.52,432.5,358,132.7,1226.5,965.25,20951.47,1.48,-94188,3.1644,34.54,64.15,99.209,0.7421
5/5/2017,15.31,46.22,438,361.75,133.1,1224.8,963,21006.94,1.50,-116336,3.188,34.61,64.2,98.797,0.7407
8/5/2017,15.38,46.43,432.5,356.75,134.55,1225.3,956.25,21012.28,1.52,-120108,3.1762,34.66,64.3,98.648,0.7418
9/5/2017,15.44,45.88,427,358.25,132.8,1214.3,965.25,20975.78,1.49,-113722,3.197,34.64,64.34,99.06,0.7386
10/5/2017,15.84,47.33,427.75,365.25,134.3,1217.3,961.75,20943.11,1.54,-106879,3.1896,34.77,64.67,99.658,0.7344
11/5/2017,15.63,47.83,429.75,360.5,131.9,1222.7,956,20919.42,1.56,-72137,3.1666,34.76,64.59,99.669,0.7363
12/5/2017,15.51,47.84,429,361.75,132.6,1226.2,954,20896.61,1.58,-84136,3.1399,34.7,64.39,99.623,0.7376
15/5/2017,15.61,48.85,428.5,367.75,131.25,1228.6,965.25,20981.94,1.60,-121826,3.1209,34.65,64.24,99.252,0.7385
16/5/2017,15.88,48.66,424.5,367.75,129.25,1235,976.25,20979.75,1.60,-133284,3.1105,34.54,64.04,98.911,0.7412
17/5/2017,16.3,49.07,426.5,371.5,132.2,1257.5,975.75,20606.93,1.60,-117659,3.0961,34.46,64.03,98.105,0.7426
18/5/2017,16.03,49.35,426,366,127.4,1251.7,944.75,20663.02,1.6063,-103686,3.1378,34.47,64.12,97.575,0.7431
19/5/2017,16.38,50.33,438,372.5,132.1,1252.7,953,20804.84,1.6523,-91794,3.3665,34.51,64.87,97.879,0.7416
22/5/2017,16.51,50.73,436,375,130.6,1260.7,956.5,20894.83,1.6626,-73528,3.2527,34.32,64.56,97.142,0.7459
23/5/2017,15.87,51.47,430.5,369.5,130.25,1254.8,948.25,20937.91,1.6614,-89122,3.2653,34.3,64.48,96.984,0.7475
24/5/2017,15.67,51.36,432.75,371.25,128.55,1252.4,948.25,21012.42,1.6526,-106220,3.27,34.43,64.87,97.351,0.7474
25/5/2017,15.66,48.9,431.25,369.25,129.3,1255.8,939.5,21082.95,1.6093,-103369,3.2774,34.33,64.75,97.238,0.7502
26/5/2017,15.05,49.8,437.5,374.25,131.2,1267.6,926.5,21080.28,1.6426,-113942,3.2729,34.13,64.55,97.248,0.7452
29/5/2017,15.05,49.8,437.5,374.25,131.2,1267.6,926.5,21080.28,1.6426,-110474,3.2598,34.04,64.51,97.442,0.7446
30/5/2017,15.02,49.66,433.25,367,132.1,1262.1,912.75,21029.47,1.6389,-68639,3.256,34.1,64.54,97.442,0.7436
31/5/2017,14.87,48.32,431.75,372,129.35,1272,916,21008.65,1.6122,-70720,3.2572,34.11,64.62,97.28,0.7464
1/6/2017,14.23,48.36,430.75,370.5,127.7,1267,912.25,21144.18,1.6014,-20295,3.2262,34.03,64.51,96.922,0.7429
2/6/2017,13.74,47.66,433.25,372.75,125.55,1276.8,921.25,21206.29,1.5771,2354,3.2495,34.14,64.44,97.198,0.7372
5/6/2017,13.89,47.4,430,373,128.45,1279.3,922,21184.04,1.5381,14679,3.2472,34.03,64.4,96.715,0.7441
6/6/2017,13.98,48.19,438,377.25,125.55,1294.4,923.5,21136.23,1.5545,15412,3.2967,34,64.35,96.799,0.7483
7/6/2017,14.14,45.72,446,384.75,125.75,1290.1,930.75,21173.69,1.4913,-88677,3.2772,33.94,64.42,96.636,0.7506
8/6/2017,14.34,45.64,453.75,385.75,126.35,1276.3,938,21182.53,1.4919,-109079,3.2685,34.02,64.41,96.748,0.7546
9/6/2017,14.27,45.83,451.5,387.75,126.55,1268.5,941.5,21271.97,1.5017,-84419,3.2607,34.07,64.24,96.918,0.7542
12/6/2017,14.02,46.08,442.75,377.25,127.6,1266.1,931.25,21235.67,1.488,-42805,3.2959,34.05,64.24,97.274,0.7526
13/6/2017,13.79,46.46,457,381,126.4,1265.8,932.5,21328.47,1.4995,-28986,3.3179,34.04,64.47,97.138,0.7539
14/6/2017,13.62,44.73,457.5,377,125.55,1272.8,931.75,21374.56,1.4327,-103019,3.3145,33.9,64.32,96.975,0.7535
15/6/2017,13.47,44.46,465.25,379.5,125.8,1252.2,934.75,21359.9,1.4357,-166533,3.2739,33.9,64.23,96.939,0.7585
16/6/2017,13.44,44.74,473.5,384,123.55,1254,939,21384.28,1.4548,-183371,3.274,33.96,64.54,97.433,0.7576
19/6/2017,13.46,44.2,472.5,375.25,124.2,1244.2,937.75,21528.99,1.4506,-162655,3.2925,33.93,64.45,97.164,0.7616
20/6/2017,13.61,43.23,474.25,370,121.95,1241,927.75,21467.14,1.424,-145973,3.2824,33.96,64.47,97.548,0.7594
21/6/2017,13.06,42.53,467.75,368.75,119.35,1243.4,918.75,21410.03,1.4105,-144595,3.3264,34,64.54,97.76,0.7579
22/6/2017,12.84,42.74,467.75,362.75,113.45,1247.6,904,21397.29,1.4345,-165677,3.336,33.99,64.53,97.559,0.755
23/6/2017,12.97,43.01,464.25,357.75,119.95,1256.2,904.5,21394.76,1.4341,-128802,3.3415,33.98,64.59,97.593,0.7541
26/6/2017,12.61,43.38,453,359,121.95,1246.3,906.75,21409.55,1.4387,-162142,3.3427,33.92,64.48,97.264,0.7565
27/6/2017,12.65,44.24,457.25,359.25,122.75,1246.4,911.25,21310.66,1.4598,-167487,3.2961,33.95,64.43,97.426,0.7582
28/6/2017,12.55,44.74,461.5,356.75,122.75,1248,914,21454.61,1.4833,-173686,3.3125,33.97,64.47,96.394,0.7582
29/6/2017,13.3,44.93,480.5,359.75,124.75,1244.2,915.5,21287.03,1.4856,-176598,3.2795,33.95,64.5,96.01,0.764
30/6/2017,13.68,46.04,511.25,370.5,124.05,1240.7,942.25,21349.63,1.5152,-174751,3.3033,33.99,64.66,95.628,0.7682
3/7/2017,13.92,47.07,541.25,378,125.85,1217.9,964.75,21479.27,1.5348,-165161,3.3063,33.92,64.61,95.628,0.7686
4/7/2017,13.92,47.07,541.25,378,125.85,1217.9,964.75,21479.27,1.5348,-169186,3.3003,33.98,64.84,96.218,0.766
5/7/2017,13.72,45.13,551.25,381.75,127.65,1220.4,976.25,21478.17,1.5024,-161467,3.309,33.99,64.78,96.218,0.76
6/7/2017,13.92,45.52,530.5,380.25,126.75,1222.2,980.75,21320.04,1.5287,-150420,3.2883,34,64.8,96.29,0.76
7/7/2017,14.15,44.23,526.5,382.25,126.55,1208.6,996,21414.34,1.4984,-144055,3.2959,34.05,64.72,95.802,0.7585
10/7/2017,13.56,44.4,541,391.75,126.25,1212.1,1020.25,21408.52,1.5007,-98896,3.2803,34.1,64.6,96.008,0.7605
11/7/2017,13.44,45.04,541,392.25,124.45,1213.6,1025.25,21409.07,1.5183,-66066,3.2548,34.11,64.45,96.022,0.7605
12/7/2017,13.49,45.49,528,376.25,126,1218.1,1016.75,21532.14,1.5208,-24984,3.2542,34.08,64.55,95.669,0.7634
13/7/2017,14.14,46.08,499.75,361,129.35,1216.3,972.5,21553.09,1.5261,-25523,3.2072,33.95,64.45,95.761,0.7675
14/7/2017,14.3,46.54,499,365.25,131.7,1226.6,985.25,21637.74,1.5605,-32240,3.2134,33.92,64.46,95.728,0.7726
17/7/2017,14.09,46.02,506.5,375,131.55,1232.8,985,21629.72,1.5567,-4340,3.1794,33.76,64.38,95.153,0.7828
18/7/2017,14.1,46.4,502.75,377,131.9,1241.1,989.5,21574.73,1.5789,-45936,3.1828,33.6,64.33,95.128,0.7798
19/7/2017,14.5,47.12,500.25,382.5,131.2,1241.2,999.75,21640.75,1.6169,-56255,3.1542,33.57,64.27,94.604,0.7915
20/7/2017,14.41,46.79,503.75,391,135,1244.8,1013.25,21611.78,1.6062,-92063,3.1486,33.59,64.25,94.779,0.7949
21/7/2017,14.4,45.77,496,379.75,136.55,1254.3,1009,21580.07,1.5633,-99141,3.1206,33.57,64.37,94.306,0.7957
24/7/2017,14.4,46.34,487.5,377.25,132.55,1253.9,997.5,21513.17,1.5568,-134179,3.1416,33.45,64.38,93.858,0.7911
25/7/2017,13.9,47.89,472.75,368.75,130.6,1251.7,981.5,21613.43,1.5962,-132331,3.1455,33.41,64.39,93.977,0.7922
26/7/2017,14.23,48.75,475.5,372.75,134.8,1249,988.75,21711.01,1.6173,-149658,3.1722,33.46,64.38,94.054,0.7936
27/7/2017,14.43,49.04,481,374.25,135.95,1259.6,994.75,21796.55,1.6446,-175261,3.1385,33.39,64.31,93.672,0.8001
28/7/2017,14.37,49.71,481,374.25,137.85,1268.4,1000.75,21830.31,1.6761,-177188,3.1524,33.33,64.11,93.864,0.7963
31/7/2017,14.91,50.17,474.75,370.75,139.25,1266.6,994.5,21891.12,1.7058,-188738,3.1316,33.37,64.11,93.259,0.7986
1/8/2017,14.88,49.16,465.25,362.5,137.85,1272.6,959.5,21963.92,1.6613,-163835,3.1259,33.29,64.17,92.863,0.8002
2/8/2017,14.79,49.59,464.5,365,140.35,1271.8,966.5,22016.24,1.6448,-113669,3.1254,33.26,64.09,93.043,0.7967
3/8/2017,14.31,49.03,459.75,363.5,140.2,1267.8,950.5,22026.1,1.6319,-131636,3.1131,33.25,63.63,92.836,0.7962
4/8/2017,14.14,49.58,459.5,366.5,140.15,1258.3,949.25,22092.81,1.6463,-142817,3.1123,33.25,63.69,92.839,0.7948
7/8/2017,13.87,49.39,466.75,372.25,142.05,1258.2,959.75,22118.42,1.6299,-88052,3.1305,33.27,63.62,93.542,0.7922
8/8/2017,13.78,49.17,460.5,369.75,142.75,1256.4,963,22085.34,1.6208,-36289,3.1261,33.27,63.82,93.432,0.7911
9/8/2017,13.64,49.56,463.75,372.25,142.65,1273,963,22048.7,1.62,12535,3.1266,33.27,63.69,93.647,0.7912
10/8/2017,13.24,48.59,448.25,357.25,138.5,1283.7,930.75,21844.01,1.6028,27752,3.1556,33.25,63.86,93.548,0.7886
11/8/2017,13.2,48.82,441.25,360.75,140.3,1287.7,935.5,21858.32,1.613,24388,3.1754,33.23,64.09,93.401,0.7874
14/8/2017,13.5,47.59,436.75,362.75,136.95,1284.2,925.5,21993.71,1.5767,-3926,3.1934,33.19,64.14,93.069,0.7889
15/8/2017,13.13,47.55,426.5,355.25,132,1273.7,921.75,21998.99,1.5795,-22257,3.1885,33.25,64.08,93.411,0.7849
16/8/2017,12.94,46.78,419.5,352.5,130.95,1276.9,921.75,22024.87,1.5638,-37478,3.1692,33.3,64.11,93.853,0.7818
17/8/2017,13.29,47.09,414.25,350.5,128.45,1286.4,930.25,21750.73,1.5869,-37682,3.1518,33.25,64.17,93.541,0.7922
18/8/2017,13.41,48.51,414.5,352,128.05,1285.7,937.5,21674.51,1.624,-28672,3.1741,33.24,64.17,93.622,0.7884
21/8/2017,13.52,47.37,407.75,349,126.4,1290.8,932.5,21703.75,1.5841,-60839,3.1462,33.21,64.09,93.434,0.7927
22/8/2017,13.51,47.64,399,346,125.85,1285.1,933.75,21899.89,1.5908,-62701,3.1642,33.23,64.11,93.095,0.7935
23/8/2017,13.67,48.41,397.75,342,126.25,1288.9,935,21812.09,1.6189,-84983,3.1602,33.23,64.07,93.545,0.7907
24/8/2017,14.02,47.43,405.5,342,126.7,1286.5,941.25,21783.4,1.6641,-84552,3.1405,33.32,64.04,93.147,0.7902
25/8/2017,14.03,47.87,404.5,338.75,130.2,1292.5,939,21813.67,1.6666,-51038,3.1473,33.32,64.04,93.277,0.79
28/8/2017,14.31,46.57,396.75,336,129.9,1309.7,935.25,21808.4,1.7123,-46258,3.1595,33.23,64,92.74,0.7933
29/8/2017,13.82,46.44,397.25,333.5,127.3,1313.1,930.75,21865.37,1.7833,-60625,3.1664,33.18,63.9,92.207,0.7962
30/8/2017,13.91,45.96,400.25,329.5,126.95,1308.1,923,21892.43,1.8847,-58508,3.1644,33.18,64.01,92.249,0.7947
31/8/2017,14.4,47.23,408.75,342.25,128.15,1316.2,936.25,21948.1,2.1399,-61548,3.1596,33.2,63.99,92.884,0.7904
1/9/2017,13.75,47.29,412.5,340,127.75,1324.5,942,21987.56,1.7479,-49509,3.1474,33.17,63.93,92.668,0.7946
4/9/2017,13.75,47.29,412.5,340,127.75,1324.5,942,21987.56,1.7479,-40681,3.1409,33.15,64.02,92.814,0.7967
5/9/2017,14.03,48.66,419.5,344.25,126.5,1339.2,960.5,21753.31,1.6991,-73620,3.1412,33.15,64.04,92.635,0.7942
6/9/2017,14.29,49.16,423.25,347,126.6,1333.9,964.5,21807.64,1.6733,-126026,3.1163,33.15,64.1,92.252,0.7995
7/9/2017,14.03,49.09,415.5,341.75,127.9,1345.1,963.25,21784.78,1.661,-112060,3.0996,33.14,64.06,92.29,0.7999
8/9/2017,14.09,47.48,415.5,344.25,129.4,1346,956.5,21797.79,1.6476,-114453,3.0985,33.08,64.01,91.663,0.8046
11/9/2017,14.29,48.07,409.25,345.5,130.6,1331,954.75,22057.37,1.6345,-100097,3.0865,33.11,63.78,91.352,0.8058
12/9/2017,14.02,48.23,416,340,133.8,1328,944.25,22118.86,1.6563,-77471,3.1023,33.11,63.93,91.899,0.8028
13/9/2017,14.33,49.3,418.25,338.5,136.6,1323.4,953,22158.18,1.6473,-75935,3.1245,33.11,64.03,91.882,0.8018
14/9/2017,14.27,49.89,420.75,341.75,135.85,1324.7,967.25,22203.48,1.6287,-54189,3.1349,33.13,64,92.52,0.7984
15/9/2017,14.55,49.89,446,354.75,140,1320.4,968.75,22268.34,1.6617,-76054,3.1179,33.06,64.12,92.124,0.8005
18/9/2017,14.31,49.91,442.25,351.5,138.95,1306.3,967.75,22331.35,1.6686,-122891,3.1079,33.1,64.11,91.872,0.8001
19/9/2017,13.76,49.48,442,348.25,133.95,1306.2,965.5,22370.8,1.655,-157539,3.136,33.09,64.15,92.047,0.796
20/9/2017,14.07,50.41,448,350,136.55,1312,970,22412.59,1.6551,-186733,3.1346,33.07,64.3,91.793,0.8009
21/9/2017,14.05,50.55,449.5,350.25,135,1290.6,970.75,22359.23,1.6438,-183962,3.132,33.09,64.29,92.508,0.8031
22/9/2017,13.98,50.66,450.25,353.5,134.45,1293.3,984.25,22349.59,1.6684,-158899,3.1369,33.1,64.8,92.187,0.7931
25/9/2017,13.74,52.22,454,353.75,131.55,1306.8,971.25,22296.09,1.722,-127558,3.1243,33.07,64.79,92.171,0.7962
26/9/2017,13.21,51.88,452.25,352.25,132.25,1297,963.5,22284.32,1.6988,-99739,3.1593,33.09,65.12,92.648,0.7934
27/9/2017,13.08,52.14,459,354,129.35,1283.4,965.5,22340.71,1.654,-83877,3.1661,33.19,65.46,92.966,0.7886
28/9/2017,13.23,51.56,453,352.5,128.5,1285.5,959.5,22381.2,1.6318,-83431,3.1929,33.29,65.71,93.361,0.7848
29/9/2017,13.54,51.67,442.75,355.25,128.05,1281.5,968.25,22405.09,1.6065,-84339,3.1822,33.38,65.46,93.085,0.7856
2/10/2017,14.31,50.58,439.25,351.5,127.2,1272.7,957.25,22557.6,1.5553,-111901,3.1614,33.32,65.31,93.076,0.7833
3/10/2017,14.04,50.42,441.75,349.5,125.45,1271.5,955.25,22641.67,1.5655,-160497,3.1538,33.42,65.31,93.559,0.7825
4/10/2017,14.25,49.98,436,348.25,125.15,1273.7,958.25,22661.64,1.5805,-134068,3.1425,33.36,65.48,93.569,0.7834
5/10/2017,14.39,50.79,434.25,349.5,127.2,1269.9,968.25,22775.39,1.6114,-149433,3.1349,33.33,65.03,93.458,0.7863
6/10/2017,13.98,49.29,436.75,350,130,1271.6,972.25,22773.67,1.5588,-152984,3.1539,33.39,65.14,93.961,0.7794
9/10/2017,14,49.58,430.75,349.5,130.95,1281.8,966.75,22761.07,1.5594,-163643,3.1558,33.42,65.39,93.8,0.7769
10/10/2017,14.17,50.92,431.25,349.25,131,1290.6,966,22830.68,1.5915,-181009,3.1882,33.37,65.35,93.675,0.7752
11/10/2017,14.3,51.3,428.25,346,126.8,1285.8,965.25,22872.89,1.6092,-189410,3.1791,33.24,65.25,93.29,0.7776
12/10/2017,14.28,50.6,426.25,349,126.35,1293.3,992,22841.01,1.5832,-218896,3.1722,33.17,65.15,93.015,0.7787
13/10/2017,14.41,51.45,436.25,352.75,126.45,1301.5,1000.25,22871.72,1.6222,-225812,3.1695,33.12,65.05,93.057,0.7819
16/10/2017,14.18,51.87,433.75,350.5,123.75,1299.9,991,22956.96,1.6169,-205626,3.1447,33.05,64.69,93.091,0.7888
17/10/2017,14.03,51.88,433.25,350,124.15,1283,984.75,22997.44,1.6301,-147199,3.1707,33.05,64.69,93.312,0.785
18/10/2017,14.08,52.04,428,348.5,124.3,1279.9,984.25,23157.6,1.6429,-170538,3.1575,33.11,65.03,93.512,0.7843
19/10/2017,14.13,51.29,429.25,349,126.85,1286.9,986.5,23163.04,1.6447,,3.1706,33.14,65.04,93.363,0.7844
20/10/2017,14,51.47,422.75,344.5,125.25,1277.4,978.75,23328.63,1.6781,,3.1663,33.09,64.99,93.159,0.7879
23/10/2017,13.88,51.9,433.5,351.25,124.35,1277.7,980.75,23273.96,1.6783,,3.1923,33.17,65.03,93.701,0.7818
24/10/2017,14.28,52.47,434,352.75,123.2,1275,975.5,23441.76,1.7155,,3.2376,33.17,65.02,93.936,0.7805
25/10/2017,14.18,52.18,433.5,351,124.1,1275.4,975.5,23329.46,1.7348,,3.2432,33.18,65.08,93.772,0.7775
26/10/2017,14.11,52.64,428.25,350.5,124.55,1266.3,971.25,23400.86,1.7506,,3.2329,33.18,64.92,93.711,0.7703
27/10/2017,14.63,53.9,425.25,348.75,126.6,1268.5,975.25,23434.19,1.7686,,3.2903,33.23,64.83,94.612,0.766
30/10/2017,14.73,54.15,421.75,348.75,125.9,1274.1,972.75,23348.74,1.7641,,3.236,33.22,65.04,94.916,0.7676
31/10/2017,14.74,54.38,416.5,345.75,125.1,1267,973.75,23377.24,1.7796,,3.2888,33.22,64.85,94.56,0.7687
1/11/2017,14.61,54.3,415.75,348.25,122.95,1274.1,981,23435.01,1.741,,3.2724,33.22,64.74,94.552,0.7655
2/11/2017,14.23,54.54,425.75,350.5,126.4,1274.9,989,23516.26,1.7697,,3.2673,33.13,64.56,94.815,0.7675
3/11/2017,14.38,55.64,426.75,348.25,123.95,1266.5,977,23539.19,1.7934,,3.267,33.08,64.57,94.685,0.7712
6/11/2017,14.56,57.35,430,348,125.55,1279.4,984,23548.42,1.83,,3.3142,33.16,64.55,94.941,0.765
7/11/2017,14.72,57.2,426.5,347.75,124.7,1273.7,986,23557.23,1.8153,,3.2494,33.09,64.62,94.757,0.769
8/11/2017,14.84,56.81,427.5,348.25,125.75,1281.6,988,23563.36,1.8213,,3.2713,33.13,65.05,94.913,0.7644
9/11/2017,14.88,57.17,429,341.5,126.4,1285.6,975.25,23461.94,1.8197,,3.2547,33.1,64.92,94.866,0.7675
10/11/2017,14.96,56.74,433.25,343.5,127.55,1272.4,977.25,23422.21,1.8124,,3.252,33.1,64.97,94.444,0.7678
13/11/2017,15.13,56.76,427.5,342.25,127.6,1277.3,963.5,23439.7,1.7929,,3.2778,33.12,65.18,94.391,0.7661
14/11/2017,15.1,55.7,428,337.5,127.05,1281.5,959,23409.47,1.7612,,3.2793,33.05,65.43,94.49,0.7621
15/11/2017,15.09,55.33,417.75,338.25,126.75,1276.5,976.25,23271.28,1.7388,,3.3127,33.02,65.4,93.827,0.7629
16/11/2017,15.26,55.14,417,336.5,126.7,1277.4,972,23458.36,1.7137,,3.3132,33,65.26,93.813,0.7587
17/11/2017,15.37,56.55,422,343,123.8,1295.8,990.5,23358.24,1.7447,,3.2739,32.9,65.29,93.932,0.7587
20/11/2017,14.98,56.09,416,345,122.9,1274.6,990,23430.33,1.7438,,3.2573,32.82,65.01,93.662,0.7565
21/11/2017,14.88,56.83,420.25,345,123.85,1281.1,989,23590.83,1.7731,,3.2572,32.8,65.1,94.08,0.7549
22/11/2017,15.28,58.02,421,345.25,124.55,1291.6,997.25,23526.18,1.7679,,3.2587,32.74,64.87,93.952,0.7578
23/11/2017,15.28,58.02,421,345.25,124.55,1291.6,997.25,23526.18,1.7679,,3.2242,32.69,64.87,93.22,0.7616
24/11/2017,15.45,58.95,414.5,342.25,124.8,1286.7,993.25,23557.99,1.788,,3.2218,32.66,64.56,93.22,0.7622
27/11/2017,15.39,58.11,407.25,338.75,125.55,1293.8,996,23580.78,1.7893,,3.2329,32.64,64.67,92.782,0.7612
28/11/2017,15.04,57.99,409.25,336.25,127.45,1294.7,993,23836.71,1.772,,3.2277,32.6,64.47,92.904,0.7601
29/11/2017,15.07,57.3,413.25,339,129.6,1282.1,992.5,23940.68,1.7309,,3.2127,32.58,64.4,93.27,0.7594
30/11/2017,15.08,57.4,414.5,341.75,126.3,1273.2,985.75,24272.35,1.7284,,3.246,32.55,64.35,93.164,0.757
1/12/2017,14.98,58.36,420.5,344.75,127.55,1278.8,994.25,24231.59,1.7416,,3.2726,32.64,64.48,93.047,0.7566
4/12/2017,15.06,57.47,420,339.5,126.75,1274.3,998.5,24290.05,1.6922,,3.258,32.59,64.51,92.885,0.7609
5/12/2017,14.9,57.62,414.25,339.75,125.95,1261.6,1008.5,24180.64,1.7184,,3.2441,32.58,64.37,93.188,0.7598
6/12/2017,14.45,55.96,406,339.25,124.85,1262.8,1002.75,24140.91,1.6609,,3.2414,32.61,64.35,93.379,0.7604
7/12/2017,14.31,56.69,403,338.75,120.85,1249.8,992,24211.48,1.7,,3.2356,32.61,64.52,93.61,0.7563
8/12/2017,14.05,57.36,400.75,340,120.6,1245.2,989.75,24329.16,1.7166,,3.2906,32.61,64.56,93.795,0.7511
11/12/2017,13.95,57.99,395.25,336.5,119,1243.7,982.5,24386.03,1.7266,,3.2918,32.61,64.47,93.901,0.7504
12/12/2017,13.77,57.14,394,335.75,117.05,1238.5,975.75,24504.8,1.6976,,3.3047,32.6,64.35,93.866,0.7524
13/12/2017,13.85,56.6,399,336.75,118.95,1245.4,979.25,24585.43,1.6467,,3.3064,32.6,64.4,94.101,0.7557
14/12/2017,13.77,57.04,402.5,336.25,119.15,1253.8,967.75,24508.66,1.6707,,3.3099,32.52,64.45,93.429,0.7636
15/12/2017,13.66,57.3,417.5,347.5,116.95,1254.3,967.25,24651.74,1.6548,,3.3418,32.49,64.33,93.489,0.7665
18/12/2017,13.76,57.16,419.25,347,118.55,1262.2,961.5,24792.2,1.6725,,3.2946,32.5,64.07,93.932,0.7644
19/12/2017,14.41,57.46,420,347.5,121.75,1260.7,956,24754.75,1.6966,,3.2922,32.64,64.2,93.695,0.7661
20/12/2017,14.57,58.09,422.5,349.25,123.15,1266.1,954,24726.65,1.7353,,3.2899,32.7,64.05,93.441,0.7664
21/12/2017,14.77,58.36,424.25,351.25,122.25,1267.3,948.75,24782.29,1.7476,,3.2977,32.71,64.11,93.313,0.7666
22/12/2017,14.6,58.47,422.25,352,120.4,1275.4,949.5,24754.06,1.7623,,3.3083,32.71,64.01,93.278,0.77
26/12/2017,14.7,59.97,420,352.75,122.2,1284.1,959.25,24746.21,1.7866,,3.3369,32.74,64.01,93.347,0.7715
27/12/2017,14.93,59.64,425.5,353.75,124.5,1287,955.5,24774.3,1.7915,,3.3369,32.74,64.01,93.347,0.7715
28/12/2017,15,59.84,426.75,352,124.8,1294.1,945.75,24837.51,1.793,,3.311,32.75,64.04,93.257,0.7727
29/12/2017,15.16,60.42,427.25,350.75,126.2,1306.3,951.75,24719.22,1.7992,,3.3149,32.79,64.11,93.025,0.7767
2/1/2018,15.33,60.37,434.75,353.25,130.2,1313.7,955,24824.01,1.7631,,3.3121,32.69,64.07,92.602,0.7796
3/1/2018,15.31,61.63,441,353,128.6,1316.2,959.75,24922.68,1.7974,,3.3121,32.55,63.83,92.124,0.7801
4/1/2018,15.25,62.01,439.75,351,129.55,1319.4,959.25,25075.13,1.8067,,3.3121,32.55,63.68,,0.7803
5/1/2018,15.08,61.44,437.5,351.25,128.45,1320.3,961.5,25295.87,1.7858,,3.2588,32.42,63.45,91.872,0.7829
8/1/2018,14.78,61.73,433.25,347.25,125.15,1318.6,958.25,25283,1.7918,,3.2369,32.31,63.5,92.162,0.7835
9/1/2018,14.73,62.96,439,349,125.15,1311.7,955.75,25385.8,1.8362,,3.2344,32.25,63.4,91.853,0.7863
10/1/2018,14.65,63.57,440.5,349,123.95,1317.4,947,25369.13,1.8327,,3.2288,32.16,63.33,91.949,0.7862
11/1/2018,14.18,63.8,440.25,348.75,122.8,1320.6,940.5,25574.73,1.837,,3.2406,32.21,63.47,92.358,0.784
12/1/2018,14.18,64.3,426.25,346.25,122.25,1333.4,944,25803.19,1.8495,,3.2482,32.27,63.67,92.528,0.7823
15/1/2018,14.18,64.3,426.25,346.25,122.25,1333.4,944,25803.19,1.8495,,3.228,32.11,63.62,92.332,0.7842
16/1/2018,13.59,63.73,422,348.25,120.45,1335.4,968,25792.86,1.8384,,3.2154,32,63.68,91.852,0.789
17/1/2018,13.42,63.97,427,353,123.1,1338,968.75,26115.65,1.8584,,3.2063,31.93,63.6,90.974,0.7912
18/1/2018,13.08,63.95,429.5,351.5,121.1,1326,973,26017.81,1.8835,,3.2162,31.93,63.51,90.974,0.7963
19/1/2018,13.25,63.37,427.5,352.5,121.25,1331.9,977.25,26071.72,1.8636,,3.2242,31.93,64.01,90.393,0.796
22/1/2018,13.17,63.49,428.5,352,122.55,1330.9,984.25,26214.6,1.8801,,3.2237,31.94,63.88,90.541,0.7969
23/1/2018,13.19,64.47,423.25,351.25,120.95,1335.7,986.25,26210.81,1.9087,,3.2064,31.9,63.86,90.498,0.7998
24/1/2018,13.16,65.61,433,356.5,122.5,1355.9,992.25,26252.12,1.9164,,3.1961,31.85,63.82,90.572,0.799
25/1/2018,13.24,65.51,435,355.25,123.65,1362.4,992.25,26392.79,1.9154,,3.202,31.84,63.88,90.401,0.8017
26/1/2018,13.36,66.14,443,356.5,125.15,1351.6,985.5,26616.71,1.9377,,3.2369,31.81,63.75,90.124,0.7996
29/1/2018,13.67,65.56,453,358.75,124.95,1339.8,991.5,26439.48,1.9349,,3.1464,31.53,63.65,89.206,0.8061
30/1/2018,13.72,64.5,469.75,361.5,122.3,1335.4,1000.25,26076.89,1.8954,,3.147,31.45,63.51,89.391,0.8028
31/1/2018,13.23,64.73,467.25,361.5,121.85,1339,995.75,26149.39,1.9075,,3.1509,31.34,63.58,89.067,0.8109
1/2/2018,13.37,65.8,467,361.75,121.4,1344.3,985,26186.71,1.8958,,3.1549,31.43,63.59,89.308,0.8092
2/2/2018,13.63,65.45,463.25,361.5,120.4,1333.7,978.75,25520.96,1.872,,3.1811,31.41,63.68,89.16,0.8082
5/2/2018,13.9,64.15,461.75,358.75,119.8,1333,969.75,24345.75,1.8466,,3.1858,31.34,63.54,89.133,0.8054
6/2/2018,13.84,63.39,469,363.5,122.85,1326.1,986.25,24912.77,1.8052,,3.1668,31.29,63.97,88.671,0.8038
7/2/2018,14,61.79,481,365.25,123.3,1311.6,983,24893.35,1.766,,3.218,31.44,64.12,89.195,0.792
8/2/2018,13.58,61.15,474.5,365.75,122.85,1316.9,987.75,23860.46,1.765,,3.2624,31.62,64.13,89.554,0.7877
9/2/2018,13.67,59.2,465.5,362,121.85,1313.1,983,24190.9,1.7002,,3.2347,31.51,64.22,89.585,0.7905
12/2/2018,13.73,59.29,477.5,367,121.4,1324.2,1001.75,24601.27,1.6785,,3.2713,31.64,64.27,90.255,0.7821
13/2/2018,13.48,59.19,474.5,366.75,122.75,1328.1,1011.75,24640.45,1.6853,,3.2857,31.89,64.29,90.229,0.7779
14/2/2018,13.4,60.6,469.75,367.25,122.8,1355.5,1017.25,24893.49,1.713,,3.2939,31.71,64.37,90.442,0.7812
15/2/2018,13.62,61.34,478,367.75,121.75,1352.1,1024.25,25200.37,1.7358,,3.2949,31.63,64.27,90.208,0.7858
16/2/2018,13.38,61.68,478.5,367.5,117.95,1353.2,1021.5,25219.38,1.7509,,3.2947,31.47,64.26,89.703,0.7859
19/2/2018,13.38,61.68,478.5,367.5,117.95,1353.2,1021.5,25219.38,1.7509,,3.2172,31.33,64.1,89.121,0.7923
20/2/2018,13.36,61.9,471.75,365.5,118.2,1328.8,1026.5,24964.75,1.7503,,3.2274,31.26,63.89,88.593,0.7943
21/2/2018,13.38,61.68,465.75,365.75,116.95,1330,1034.25,24797.78,1.7573,,3.231,31.29,64.21,89.1,0.791
22/2/2018,13.71,62.77,470.75,366.75,119.6,1330.6,1032,24962.48,1.7657,,3.2339,31.39,64.24,89.1,0.7911
23/2/2018,13.68,63.55,469,366.25,119.45,1328.2,1036.25,25309.99,1.8085,,3.2554,31.49,64.85,89.716,0.7881
26/2/2018,13.66,63.91,477.75,368.5,120.5,1330.7,1034.25,25709.27,1.8267,,3.2682,31.54,64.8,90,0.7803
27/2/2018,13.01,63.01,489,370.5,119.95,1315.5,1038,25410.03,1.8034,,3.2497,31.46,64.97,89.736,0.7845
28/2/2018,13.48,61.64,508.25,374.5,121.05,1315.5,1045,25029.2,1.7577,,3.2374,31.39,64.7,89.883,0.7842
1/3/2018,13.71,60.99,531,378.75,122.45,1302.9,1057.5,24608.98,1.8964,,3.2253,31.27,64.76,89.853,0.7854
2/3/2018,13.42,61.25,522,377.25,120.35,1321.1,1060.75,24538.06,1.9014,,3.2512,31.47,64.91,90.355,0.7789
5/3/2018,13.56,62.57,533.5,378.25,119.2,1318.1,1066.75,24874.76,1.9349,,3.2458,31.48,65.2,90.613,0.7761
6/3/2018,13.45,62.6,529.25,379.75,119.95,1333.6,1064.5,24884.12,1.9331,,3.2511,31.49,65.22,90.324,0.7754
7/3/2018,12.79,61.15,521,379.25,119.3,1326,1055,24801.36,1.9103,,3.2523,31.43,65.21,89.935,0.7762
8/3/2018,12.89,60.12,519.75,385.75,119,1319.9,1053.75,24895.21,1.8677,,3.2425,31.4,65.02,90.08,0.7764
9/3/2018,12.84,62.04,508,383,118.85,1322.4,1029.25,25335.74,1.9043,,3.2112,31.29,64.9,89.618,0.7827
12/3/2018,12.93,61.36,509,384.25,118.15,1319.4,1033.25,25178.61,1.894,,3.2449,31.31,64.87,89.637,0.7823
13/3/2018,12.62,60.71,507,385.5,120.45,1325.9,1040.5,25007.03,1.8863,,3.2664,31.36,65.1,90.179,0.7789
14/3/2018,12.76,60.96,511.75,383.5,119.95,1324.4,1028.5,24758.12,1.9243,,3.2548,31.31,65.12,90.093,0.7849
15/3/2018,12.74,61.19,513.5,386.75,117.65,1316.8,1040.75,24873.66,1.9248,,3.261,31.28,64.98,89.895,0.7872
16/3/2018,12.65,62.34,499.5,382.75,116.95,1311.3,1049.5,24946.51,1.9459,,3.2602,31.22,64.85,89.664,0.7857
19/3/2018,12.89,62.06,470.25,375,118.35,1316.8,1022.5,24610.91,1.9249,,3.2598,31.15,64.83,89.704,0.7877
20/3/2018,12.56,63.4,470,374.5,118.95,1311.1,1028.25,24727.27,1.9659,,3.2849,31.2,64.98,90.139,0.7798
21/3/2018,12.67,65.17,465.5,375,118.85,1320.7,1029.75,24682.31,2.0122,,3.2807,31.23,64.98,90.233,0.7715
22/3/2018,12.77,64.3,471,376,119,1326.6,1029.75,23957.89,2.0096,,3.2853,31.18,65.21,89.765,0.7717
23/3/2018,12.57,65.88,479.25,377.25,117.2,1349.3,1028.25,23533.2,2.0336,,3.3114,31.18,65.2,90.371,0.7682
26/3/2018,12.42,65.55,468.25,374,118.15,1354.4,1025.5,24202.6,2.0104,,3.2717,31.15,65.17,89.783,0.7765
27/3/2018,12.54,65.25,464,374,118.95,1341.3,1019.5,23857.71,2.0135,,3.3152,31.3,65.1,89.857,0.7691
28/3/2018,12.21,64.38,461,373.5,117.75,1324.2,1018,23848.42,2.0116,,3.3119,31.18,64.98,89.484,0.7696
29/3/2018,12.35,64.94,467.25,387.75,118.15,1322.8,1044.75,24103.11,2.0179,,3.3113,31.12,64.82,89.027,0.7746
2/4/2018,12.52,63.01,467.5,387.25,116.4,1342.1,1035.5,23644.19,1.9661,,3.3278,31.21,64.94,89.329,0.7677
3/4/2018,12.47,63.51,484.75,388.5,116.6,1332.8,1038,24033.36,1.9741,,3.3195,31.27,65.15,90.058,0.7659
4/4/2018,12.27,63.37,486,381,116.9,1335.8,1015.25,24264.3,1.9768,,3.3054,31.24,65.11,90.151,0.7677
5/4/2018,12.35,63.54,498.5,389.5,117.55,1324.3,1031.25,24505.22,1.9816,,3.3046,31.17,65.11,89.974,0.7678
6/4/2018,12.34,62.06,506.75,388.5,117.45,1331.9,1033.75,23932.76,1.9547,,3.3099,31.22,65.12,90.052,0.7662
9/4/2018,12.36,63.42,522.75,390.75,118.65,1336.3,1047,23979.1,1.9842,,3.3412,31.17,64.99,90.2,0.7683
10/4/2018,12.13,65.51,521.75,389.25,117.6,1342,1050,24408,2.0409,,3.329,31.2,65.04,90.142,0.7716
11/4/2018,12.06,66.82,516.75,387,118.15,1356.5,1047.75,24189.45,2.0676,,3.3439,31.24,64.88,90.46,0.7684
12/4/2018,12.05,67.07,507.5,388.75,117.9,1338.4,1060.75,24483.05,2.0546,,3.3689,31.26,64.92,90.108,0.7675
13/4/2018,12.08,67.39,495.75,386.25,117.3,1344.8,1054.25,24360.14,2.0654,,3.4187,31.26,64.95,89.838,0.7697
16/4/2018,11.98,66.22,478,382.5,114.25,1347.5,1042,24573.04,2.0399,,3.4087,31.19,64.94,89.587,0.7759
17/4/2018,11.65,66.52,480.5,380.25,113.55,1347.2,1046,24786.63,2.0412,,3.3734,31.11,65.26,89.568,0.7754
18/4/2018,11.74,68.47,488.75,383,114.9,1351.2,1041.75,24748.07,2.0683,,3.4124,31.22,65.28,89.751,0.7754
19/4/2018,11.75,68.29,495.25,382,114.25,1346.8,1037.25,24664.89,2.0774,,3.422,31.16,65.25,89.8,0.7766
20/4/2018,11.64,68.38,482.75,376.5,115.75,1336.7,1028.75,24462.94,2.0959,,3.4191,31.2,65.46,89.425,0.7778
23/4/2018,11.21,68.64,483.25,378.5,117,1322.5,1020.75,24448.69,2.1237,,3.4071,31.2,65.67,89.516,0.7764
24/4/2018,11.14,67.7,492.5,381.25,118.5,1331.4,1022.25,24024.13,2.0949,,3.3802,31.19,65.71,89.623,0.7782
25/4/2018,10.86,68.05,507,386.5,116.85,1321.2,1027.5,24083.83,2.0897,,3.3875,31.22,65.86,89.94,0.7728
26/4/2018,10.97,68.19,501.75,386,117.6,1316.3,1028,24322.34,2.1123,,3.4124,31.33,66.2,90.316,0.7672
27/4/2018,11.22,68.1,512.25,389.5,120.35,1320.3,1045,24311.19,2.1269,,3.4521,31.52,66.52,90.946,0.7604
30/4/2018,11.52,68.57,518.5,392.5,120.65,1316.2,1037.75,24163.15,2.1292,,3.4709,31.44,66.4,90.766,0.7603
1/5/2018,11.69,67.25,532.25,396.75,122.6,1303.8,1042.5,24099.05,2.0876,,3.4843,31.52,66.91,91.172,0.7563
2/5/2018,11.75,67.93,535.75,396,121.6,1302.6,1032.75,23924.98,2.0798,,3.4745,31.6,66.8,91.561,0.7555
3/5/2018,11.69,68.43,547.5,399.5,122.2,1310.7,1043.25,23930.15,2.0875,,3.4559,31.51,66.61,91.542,0.7581
4/5/2018,11.51,69.72,535.75,398.75,120.45,1312.7,1027.25,24262.51,2.114,,3.5066,31.54,66.45,91.841,0.7531
7/5/2018,11.32,70.73,519.75,393.25,118.2,1312.2,1002.25,24357.32,2.134,,3.5071,31.68,66.79,92.449,0.7489
8/5/2018,11.56,69.06,518.5,395.5,116.55,1312,1011.25,24360.21,2.1114,,3.5513,31.76,66.68,92.512,0.7494
9/5/2018,11.29,71.14,512,394.75,115.5,1311.3,1007.25,24542.54,2.1673,,3.5276,31.61,66.66,92.414,0.7529
10/5/2018,11.27,71.36,507.5,394.75,116.3,1320.8,1013.25,24739.53,2.189,,3.5291,31.75,66.81,92.566,0.754
11/5/2018,11.22,70.7,501.75,389.75,115.25,1319,994.75,24831.17,2.1888,,3.5524,31.85,67.13,92.749,0.7516
14/5/2018,11.26,70.96,496.75,389,113.65,1316.5,1013,24899.41,2.2002,,3.5632,31.92,67.13,93.12,0.745
15/5/2018,11.52,71.31,509.75,402.25,112.9,1288.9,1018.75,24706.41,2.2048,,3.5918,32.13,67.35,93.04,0.7462
16/5/2018,11.61,71.49,514,399.25,113.25,1290.2,999.75,24768.93,2.2499,,3.5496,31.97,67.24,92.65,0.7532
17/5/2018,11.56,71.49,519,395.25,113.85,1288.2,995,24713.98,2.2431,,3.5991,31.91,67.36,92.537,0.7542
18/5/2018,11.66,71.28,538.75,402.5,113.95,1290.2,998.5,24715.09,2.2333,,3.6221,31.89,67.55,92.587,0.7525
21/5/2018,12.1,72.24,526.5,402.75,120.2,1290.2,1025.25,25013.29,2.2565,,3.653,32.12,68.07,93.219,0.7471
22/5/2018,12.15,72.13,540.5,404.75,120.85,1291.7,1030.5,24834.41,2.2702,,3.6754,32.03,67.77,93.392,0.7514
23/5/2018,12.35,71.84,551.75,408.5,119.35,1289.3,1039.25,24886.81,2.2601,,3.696,32.09,67.76,93.469,0.7509
24/5/2018,12.38,70.71,549,404.25,120.55,1303.7,1035.75,24811.76,2.2338,,3.736,32.19,67.99,93.637,0.7511
25/5/2018,12.46,67.88,564,406,120.4,1303.3,1041.5,24753.09,2.1814,,3.6769,32.14,68.11,93.677,0.7581
28/5/2018,12.46,67.88,564,406,120.4,1303.3,1041.5,24753.09,2.1814,,3.6441,31.98,68.01,93.609,0.7575
29/5/2018,12.46,66.73,556.5,400,120.25,1298.7,1030.5,24361.45,2.1441,,3.6279,32.09,68.36,94.003,0.7559
30/5/2018,12.6,68.21,540.75,393.5,120.3,1301.5,1023,24667.78,2.1842,,3.6491,31.98,68.33,93.758,0.7574
31/5/2018,12.79,67.04,542.5,394,123.7,1300.1,1018.5,24415.84,2.1603,,3.6514,31.92,67.72,94.188,0.7548
1/6/2018,12.52,65.81,540.75,391.5,122.75,1294.8,1021.25,24635.21,2.1434,,3.7341,31.99,67.4,94.188,0.7544
4/6/2018,11.9,64.75,521.5,380.75,121.5,1293.1,1001.75,24813.69,2.1224,,3.7252,32.08,67.83,94.833,0.7504
5/6/2018,12.02,65.52,529,383.75,119.45,1297.5,1001.25,24799.98,2.1062,,3.724,32.02,67.43,94.153,0.7575
6/6/2018,12.2,64.73,539.75,378.25,118.25,1297.1,994.25,25146.39,2.07,,3.7225,32.05,67.42,93.985,0.7567
7/6/2018,11.73,65.95,544.5,376.25,115.7,1298.7,974.25,25241.41,2.1148,,3.763,32.03,66.99,94.191,0.7566
8/6/2018,12.25,65.74,538.25,377.75,117.25,1298.1,969.25,25316.53,2.1153,,3.7462,31.99,67.06,94.02,0.7643
11/6/2018,12.35,66.1,534.75,367.25,117.1,1298.9,953.75,25322.31,2.1049,,3.806,31.92,67.09,93.898,0.7615
12/6/2018,12.35,66.36,553.5,377.5,117.35,1295.1,954,25320.73,2.0899,,3.8477,31.9,66.83,93.66,0.7666
13/6/2018,12.51,66.64,539,376,116.35,1296.9,936,25201.2,2.1252,,3.9065,32.02,67.41,93.397,0.7625
14/6/2018,12.23,66.89,522.25,363,115.7,1304,927.25,25175.31,2.091,,3.7091,32.03,67.52,93.551,0.7599
15/6/2018,12.02,65.06,519.75,361.25,115.2,1274.6,905.5,25090.48,2.0232,,3.7087,32.04,67.47,93.576,0.7609
18/6/2018,11.99,65.85,499.5,356,114.45,1276.2,908.5,24987.47,2.0546,,3.7174,32.08,67.47,93.802,0.7571
19/6/2018,11.84,65.07,483,353.75,114.1,1275.6,889,24700.21,2.0379,,3.7195,32.11,67.64,93.713,0.7576
20/6/2018,11.89,66.22,488.75,354.25,113.65,1271.2,889.5,24657.8,2.0235,,3.8052,32.2,67.68,94.772,0.7478
21/6/2018,11.87,65.54,493.25,357,112.6,1267.2,880.5,24461.7,2.0123,,3.7294,32.65,68.06,94.789,0.744
22/6/2018,12.05,68.58,488.75,357.25,113.85,1267.4,894.5,24580.89,2.0705,,3.746,32.65,68.03,94.801,0.7421
25/6/2018,12,68.08,469.75,350.5,114.15,1265.6,874.5,24252.8,2.0515,,3.7461,32.73,68.31,95.085,0.7381
26/6/2018,12.12,70.53,458,352.5,114.8,1256.6,867.25,24283.11,2.0746,,3.7712,32.81,68.05,95.055,0.7367
27/6/2018,11.72,72.76,460.25,352.5,114.3,1252.8,867.5,24117.59,2.1336,,3.7676,32.89,67.94,94.743,0.7379
28/6/2018,11.88,73.45,453.25,345,112.15,1247.8,861.25,24216.05,2.1329,,3.7852,32.92,67.86,94.517,0.7439
29/6/2018,11.86,74.15,470.75,350.25,111.5,1251.3,858.5,24271.41,2.1791,,3.7753,32.92,68.11,94.276,0.7413
2/7/2018,11.56,73.94,449.5,337.5,107.8,1239.8,848.5,24307.18,2.1048,,3.8011,33.01,68.36,94.659,0.7393
3/7/2018,11.39,74.14,462.25,342.75,108.35,1251.6,844,24174.82,2.1176,,3.8625,33.05,68.63,95.268,0.734
4/7/2018,11.39,74.14,462.25,342.75,108.35,1251.6,844,24174.82,2.1176,,3.8612,33.14,68.83,95.386,0.7352
5/7/2018,11.48,72.94,482,343.5,106.3,1257.3,835.5,24356.74,2.1293,,3.8765,33.02,68.45,94.636,0.7402
6/7/2018,11.51,73.8,492.25,351.75,111.25,1254.3,874,24456.48,2.1085,,3.9117,33.15,68.71,95.035,0.7339
9/7/2018,11.4,73.85,487.5,345.75,112.2,1258.1,851.75,24776.59,2.1485,,3.8966,33.15,68.55,94.671,0.7385
10/7/2018,11.41,74.11,483.75,339.75,111.95,1253.8,852.25,24919.66,2.1603,,3.9135,33.15,68.69,94.671,0.738
11/7/2018,11.29,70.38,463,331.25,109.2,1242.8,829.75,24700.45,2.0614,,3.9324,33.19,68.87,94.469,0.7386
12/7/2018,11.08,70.33,470.25,336.5,108.7,1245,830,24924.89,2.0717,,3.8624,33.14,68.8,94.036,0.7431
13/7/2018,10.96,71.01,469.25,330.25,107.05,1239.6,814,25019.41,2.1067,,3.8714,33.05,68.65,94.078,0.7466
16/7/2018,11.14,68.06,484.5,341.75,107.45,1238.1,829.5,25064.36,2.0022,,3.8143,33.17,68.75,94.152,0.7458
17/7/2018,11.13,68.08,490.75,346.25,105.7,1225.7,839.5,25119.89,2.0261,,3.8764,33.32,68.72,94.72,0.7365
18/7/2018,11.08,68.76,487.75,347.25,104.6,1226.3,842.25,25199.29,2.0444,,3.8809,33.2,68.52,94.806,0.7406
19/7/2018,10.97,69.46,496.5,351.25,105.25,1222.4,846,25064.5,2.0435,,3.8514,33.3,68.49,94.752,0.7423
20/7/2018,11.12,70.46,508.5,355.25,110.65,1229.5,849.75,25058.12,2.069,,3.8597,33.25,68.54,94.511,0.7418
23/7/2018,11.08,67.89,510.75,357.25,111.65,1224,847.75,25044.29,2.0914,,3.8375,33.3,68.42,94.945,0.7386
24/7/2018,11.19,68.52,509.75,352,110.95,1223.9,858,25241.94,2.0956,,3.8509,33.29,68.62,95.08,0.7397
25/7/2018,11.19,69.3,540.75,359.25,111,1231.4,860.75,25414.1,2.1231,,3.829,33.46,69.01,95.154,0.7358
26/7/2018,11.03,69.61,534,361.5,109.55,1225.3,861.25,25527.07,2.1623,,3.7671,33.32,68.73,94.449,0.7421
27/7/2018,10.88,68.69,532.5,362,110.45,1222.6,870.5,25451.06,2.1619,,3.7823,33.41,68.84,94.669,0.7379
30/7/2018,10.82,70.13,547.75,367.25,111.4,1221.3,875,25306.83,2.1603,,3.7471,33.37,68.94,94.608,0.742
31/7/2018,10.55,68.76,556.5,372.25,109.9,1223.7,903.75,25415.19,2.1291,,3.6877,33.21,68.72,94.363,0.7453
1/8/2018,10.48,67.66,563.75,365,108.05,1217.9,886.75,25333.82,2.0451,,3.7454,33.42,68.66,94.75,0.7376
2/8/2018,10.59,68.96,569.25,366.75,106.7,1210.6,882.5,25326.16,2.0681,,3.7099,33.38,68.6,94.675,0.74
3/8/2018,10.85,68.49,567.25,369.75,107.75,1214.2,886.25,25462.58,2.0655,,3.7304,33.27,68.6,94.324,0.7404
6/8/2018,10.98,69.01,586,371,108.75,1208.6,877.25,25502.18,2.0651,,3.7557,33.19,68.45,94.493,0.7426
7/8/2018,10.88,69.17,579.5,370.75,109.05,1209.6,889.25,25628.91,2.104,,3.7492,33.15,68.34,94.624,0.7403
8/8/2018,10.81,66.94,584.25,371.25,107.85,1212.6,893.75,25583.75,2.0195,,3.7496,33.28,68.62,95.159,0.7358
9/8/2018,10.84,66.81,578.5,369.25,107.65,1211.9,887.75,25509.23,1.9999,,3.707,33.25,68.54,95.143,0.7399
10/8/2018,10.54,67.63,559.75,357.75,107,1211.1,846,25313.14,2.0392,,3.7356,33.33,68.82,95.357,0.7386
13/8/2018,10.3,67.2,540.75,356.5,106.25,1191.3,853.5,25187.7,2.0147,,3.7505,33.2,68.62,95.216,0.742
14/8/2018,10.34,67.04,545.75,362.25,105.05,1193,864.5,25299.92,2.0341,,3.7713,33.23,68.65,95.051,0.7431
15/8/2018,10.23,65.01,535.25,361.5,102.4,1177.5,857.5,25162.41,1.9974,,3.8007,33.23,68.75,95.504,0.737
16/8/2018,10.3,65.46,547.5,365.25,101.7,1176.2,885.5,25558.73,1.9874,,3.8584,33.32,68.89,96.357,0.7301
17/8/2018,10.18,65.91,565,364.25,101.2,1176.5,881.5,25669.32,1.9809,,3.8836,33.35,70.02,96.391,0.7268
20/8/2018,10.09,66.43,547.25,362,97.25,1186.8,881.75,25758.69,2.0151,,3.8663,33.28,69.95,96.731,0.7244
21/8/2018,10.17,67.35,534.5,359.75,97.95,1192.6,874.5,25822.29,2.0179,,3.9053,33.33,69.92,96.696,0.7237
22/8/2018,10.18,67.86,530,352.5,96.4,1196.3,858.25,25733.6,2.068,,3.9059,33.15,70.08,96.645,0.7259
23/8/2018,10.12,67.83,527.25,346.75,97.2,1187,842,25656.98,2.0592,,3.9108,33.16,70.09,96.101,0.731
24/8/2018,10.23,68.72,519.25,348.5,100.55,1206.3,842,25790.35,2.0779,,3.9692,32.93,69.81,95.9,0.7339
27/8/2018,10.51,68.87,501.75,346.75,101.85,1209,834.75,26049.64,2.0896,,4.0467,32.65,69.85,95.256,0.7369
28/8/2018,10.31,68.53,499.25,341,99.25,1207.4,820.5,26064.02,2.0787,,4.0415,32.67,69.86,95.146,0.7346
29/8/2018,10.37,69.51,519.75,341.25,98.65,1204.5,823.25,26124.57,2.106,,4.1145,32.88,70.1,95.666,0.7243
30/8/2018,10.57,70.25,512.25,341,98.95,1197.7,819.5,25986.92,2.1435,,4.1012,32.6,69.96,95.146,0.7324
31/8/2018,10.6,69.8,523,351,98.1,1200.3,833,25964.82,2.1437,,4.0772,32.54,70.16,94.779,0.735
3/9/2018,10.6,69.8,523,351,98.1,1200.3,833,25964.82,2.1437,,4.1337,32.57,70.09,94.72,0.7337
4/9/2018,10.64,69.87,508,354.5,97.75,1192.7,832,25952.48,1.9942,,4.1065,32.68,70.53,94.6,0.7308
5/9/2018,10.89,68.72,501.75,351.75,100.1,1194.9,825.5,25974.99,1.9648,,4.1493,32.77,70.74,94.723,0.7263
6/9/2018,10.8,67.77,490.5,353.5,97.95,1197.9,826.75,25995.87,1.951,,4.0545,32.75,71,95.14,0.719
7/9/2018,11.01,67.75,488.5,354.25,98.8,1193.6,832,25916.54,1.97,,4.1579,32.68,71.21,95.14,0.7211
10/9/2018,11.2,67.54,503.75,355.5,97.5,1193,833.5,25857.07,1.9592,,4.16,32.78,71.58,95.439,0.7177
11/9/2018,11.18,69.25,494.25,355.25,96.2,1195.4,820.25,25971.06,2.0142,,4.1457,32.77,71.75,95.184,0.7189
12/9/2018,11.67,70.37,482.5,341.5,97.85,1204.7,829,25998.92,2.0348,,4.0587,32.78,71.94,95.021,0.7201
13/9/2018,11.68,68.59,477.5,336.25,96.4,1202,822.75,26145.99,1.9929,,4.0594,32.83,71.78,95.365,0.7106
14/9/2018,11.16,68.99,479,337,95.45,1195,821.5,26154.67,1.9702,,4.0855,32.8,72.45,95.15,0.7114
17/9/2018,10.63,68.91,512.75,348,93.45,1199.7,823.5,26062.12,1.9768,,4.1527,32.76,72.63,95.249,0.7122
18/9/2018,10.52,69.85,516,343.25,92,1196.8,814,26246.96,2.0049,,4.1569,32.7,72.15,94.799,0.7168
19/9/2018,10.76,71.12,526.25,345.75,96.7,1202.2,830,26405.76,2.0207,,4.2067,32.61,72.03,94.518,0.7192
20/9/2018,10.8,70.8,527,352.5,99.75,1206.2,850.25,26656.98,2.0146,,4.1739,32.68,71.87,94.927,0.715
21/9/2018,10.84,70.78,525.25,357.25,99.9,1196.2,847.25,26743.5,2.0171,,4.1316,32.57,72.53,94.496,0.718
24/9/2018,10.38,72.08,529,360.5,98.5,1199.3,841,26562.05,2.0547,,4.1596,32.55,72.7,94.64,0.7218
25/9/2018,10.36,72.28,522,363.75,97.1,1200,845.75,26492.21,2.0677,,4.1305,32.4,72.35,94.537,0.7263
26/9/2018,9.9,71.57,521,363,97.75,1194,850,26385.28,2.0585,,4.0766,32.33,72.01,93.912,0.7289
27/9/2018,10.05,72.12,517.25,364.75,99.3,1182.3,855,26439.93,2.0824,,4.0511,32.42,72.23,94.22,0.7289
28/9/2018,10.42,73.25,511.25,356.25,102.45,1191.5,845.5,26458.31,2.1012,,4.0914,32.42,72.66,94.185,0.7252
1/10/2018,11.61,75.3,511.5,365.75,102.2,1187.1,857.75,26651.21,2.1275,,4.0751,32.4,72.68,94.133,0.725
2/10/2018,12.07,75.23,522.5,367.5,107.65,1202.4,866,26773.94,2.1269,,4.031,32.41,72.59,94.193,0.7256
3/10/2018,12.23,76.41,518.75,364.75,106.6,1198.3,861.5,26828.39,2.1378,,4.012,32.43,72.56,94.894,0.7206
4/10/2018,12.33,74.33,522.25,367.5,106.95,1197.2,859.25,26627.48,2.1004,,4.0477,32.32,72.5,95.132,0.7228
5/10/2018,12.63,74.34,524.25,368.25,108.95,1201.2,869,26447.05,2.0861,,4.0176,32.26,72.92,95.298,0.7223
8/10/2018,12.94,74.29,517.5,366.5,111.85,1184.4,869.75,26486.78,2.0937,,3.9404,32.33,72.92,95.507,0.7186
9/10/2018,12.97,74.96,519.5,364.5,113.15,1187.2,863,26430.57,2.0774,,3.9008,32.5,73.34,95.762,0.7102
10/10/2018,12.85,73.17,516.25,362.75,111.9,1189.3,852.25,25598.74,2.0204,,3.8743,32.73,73.62,95.751,0.7072
11/10/2018,12.92,70.97,513.75,369.25,112.9,1223.5,858.25,25052.83,1.9327,,3.8406,32.8,73.77,95.624,0.7051
12/10/2018,13.07,71.34,524.25,373.75,116.55,1218.1,867.5,25339.99,1.942,,3.7786,32.9,74.06,95.761,0.7076
15/10/2018,13.43,71.78,531.75,378.25,119.35,1226.4,891.5,25250.55,1.9443,,3.7153,32.94,74.33,95.668,0.7102
16/10/2018,13.25,71.92,528,375.25,117.65,1227.3,884.75,25798.42,1.9773,,3.7545,32.98,74.24,95.508,0.706
17/10/2018,13.73,69.75,521,374.25,122.55,1223.7,885.75,25706.68,1.9187,,3.781,32.7,74.04,95.017,0.7123
18/10/2018,13.87,68.65,514.75,370.75,122.05,1226.5,863.5,25379.45,1.8911,,3.7825,32.75,73.6,95.221,0.7117
19/10/2018,13.89,69.12,516.25,367,122.1,1225.3,856.75,25444.34,1.9139,,3.7355,32.64,73.76,95.059,0.713
22/10/2018,13.82,69.17,507.75,369.5,117.65,1221.2,858.5,25317.41,1.9067,,3.7244,32.48,73.46,95.048,0.714
23/10/2018,13.81,66.43,507.5,370.25,121.1,1233.4,857.5,25191.43,1.8368,,3.6873,32.48,73.59,95.575,0.7108
24/10/2018,14.01,66.82,497,368.25,120.25,1227.8,850.25,24583.42,1.8223,,3.7214,32.63,73.52,95.9,0.7099
25/10/2018,13.97,67.33,486.5,361,121.15,1229.1,841.75,24984.55,1.8129,,3.714,32.58,73.37,95.713,0.712
26/10/2018,13.84,67.59,500.25,367.75,119.65,1232.5,845,24688.31,1.815,,3.6846,32.79,73.56,96.013,0.7079
29/10/2018,13.5,67.04,501.5,366.75,114.25,1224.5,839,24442.92,1.8249,,3.6932,32.83,73.54,95.961,0.7084
30/10/2018,13.32,66.18,494.75,364.75,112.4,1222.6,833.5,24874.64,1.8059,,3.7335,32.92,73.22,96.434,0.7058
31/10/2018,13.19,65.31,493.25,363.25,112.7,1212.3,839,25115.76,1.768,,3.7046,32.92,73.22,96.679,0.7079
1/11/2018,13.19,63.69,501.25,366.75,117.8,1236,869,25380.74,1.7165,,3.6426,33.05,73.46,96.359,0.7094
2/11/2018,13.44,63.14,504.25,371.25,120.05,1230.9,875.25,25270.83,1.7083,,3.7179,33.27,73.4,96.579,0.7055
5/11/2018,13.15,63.1,504.75,374,117.1,1229.8,873,25461.7,1.6919,,3.6972,33.25,73.67,97.011,0.7105
6/11/2018,12.96,62.21,508,373.25,113.25,1223.8,872,25635.01,1.694,,3.7218,33.11,73.95,97.127,0.7073
7/11/2018,13.01,61.67,502.25,372.25,115.6,1226.2,867.75,26180.3,1.6474,,3.7,32.89,73.45,96.277,0.7205
8/11/2018,12.84,60.67,497.25,373.5,116.65,1222.9,867.5,26191.22,1.6443,,3.6965,32.84,72.44,96.542,0.7197
9/11/2018,12.73,60.19,487.5,369.75,113.85,1206.4,875.25,25989.3,1.6214,,3.726,32.93,73.08,96.279,0.7209
12/11/2018,12.94,59.93,493.5,371.25,110.15,1201.3,871.75,25387.18,1.6367,,3.7614,32.9,72.95,96.317,0.7246
13/11/2018,12.61,55.69,486.5,366.5,109.2,1199.2,867.25,25286.49,1.5427,,3.7317,32.81,72.44,95.997,0.7274
14/11/2018,12.65,56.25,481,367,112.65,1207.9,870.5,25080.5,1.5606,,3.7604,32.96,72.37,96.724,0.7256
15/11/2018,12.65,56.46,480,367.5,110.05,1212.8,888.75,25289.27,1.5566,,3.7334,33.05,72.47,96.905,0.7224
16/11/2018,12.69,56.46,482.75,364.75,112.6,1220.8,892.25,25413.22,1.577,,3.7674,33.16,72.86,97.542,0.7172
19/11/2018,12.8,56.76,474.25,362.25,112.35,1223.1,873.75,25017.44,1.5829,,3.8031,32.93,72.61,97.303,0.7217
20/11/2018,12.46,53.43,473,361.25,110.65,1219,881,24465.64,1.4959,,3.784,32.94,72.31,96.803,0.7234
21/11/2018,12.68,54.63,469,361.75,110.3,1225.8,883,24464.69,1.5107,,3.784,32.94,71.91,96.927,0.7276
22/11/2018,12.68,54.63,469,361.75,110.3,1225.8,883,24464.69,1.5107,,3.7434,32.83,71.97,96.465,0.7334
23/11/2018,12.47,50.42,461.25,359,107.15,1221,881,24285.95,1.3913,,3.756,32.93,71.61,96.193,0.7293
26/11/2018,12.48,51.63,464.5,356,107,1220.2,862.25,24640.24,1.4426,,3.7567,32.97,71.42,96.836,0.7213
27/11/2018,12.34,51.56,458.5,356.5,109.5,1211.2,875.5,24748.73,1.4208,,3.7975,32.88,71.3,96.712,0.7261
28/11/2018,12.84,50.29,467,360.5,110.1,1221.4,890.5,25366.43,1.3979,,3.8033,32.97,70.69,96.712,0.7254
29/11/2018,12.87,51.45,466,360.25,108.5,1224.1,887.25,25338.84,1.4547,,3.828,33.07,70.65,96.916,0.7234
30/11/2018,12.84,50.93,486.5,366.5,103.25,1220.2,894.75,25538.46,1.4413,,3.9398,33.03,70.81,97.074,0.722
3/12/2018,12.91,52.95,484,371.25,103.5,1233.9,905.75,25826.43,1.4314,,3.875,33.04,70.78,97.369,0.7223
4/12/2018,12.75,53.25,483.75,374.25,101.9,1241.1,911.75,25027.07,1.4434,,3.8508,32.9,70.63,96.786,0.7304
5/12/2018,12.72,52.89,476.5,374.25,100.95,1237.1,913.5,25027.07,1.4456,,3.8515,32.9,69.77,96.778,0.7318
6/12/2018,12.64,51.49,468.75,372,100.65,1238.1,909.5,24947.67,1.4334,,3.8662,32.96,69.64,97.272,0.7315
7/12/2018,12.87,52.61,484.5,374,98.8,1246.8,916.75,24388.95,1.4858,,3.8408,32.79,70.43,97.04,0.7355
10/12/2018,12.72,51,482.75,374.25,100.45,1243.7,909.75,24423.26,1.4189,,3.8524,32.75,70.52,96.965,0.7337
11/12/2018,12.83,51.65,477.25,375,97.65,1241.9,915,24370.24,1.4398,,3.8682,32.73,70.55,97.07,0.7268
12/12/2018,12.74,51.15,483.75,376.25,97.75,1244.4,920,24527.27,1.4204,,3.8779,32.85,70.84,96.81,0.7235
13/12/2018,12.75,52.58,492.5,375.5,98.8,1242.7,907,24597.38,1.4782,,3.9074,32.85,70.85,96.514,0.7199
14/12/2018,12.65,51.2,492.5,376.75,96.95,1237,900.5,24100.51,1.4343,,3.9178,32.88,72.51,97.219,0.7189
17/12/2018,12.49,49.88,522,384,94.7,1247.4,904.75,23592.98,1.4104,,3.9039,32.82,72.27,97.388,0.7206
18/12/2018,12.3,46.24,517.25,385.5,94.35,1249.2,907.75,23675.64,1.3505,,3.8554,32.75,71.83,97.044,0.7219
19/12/2018,12.47,47.2,508.5,381.75,100.85,1252.1,900,23323.66,1.3863,,3.891,32.77,71.52,97.064,0.7226
20/12/2018,12.43,45.88,509.5,375.25,102.5,1263.6,893.5,22859.6,1.3224,,3.917,32.82,71.91,97.443,0.7176
21/12/2018,12.34,45.59,502.75,378.5,99.7,1253.8,884.75,22445.37,1.3183,,3.8994,32.78,71.6,97.1,0.7172
24/12/2018,12.4,42.53,502.5,377.75,102.2,1267.5,884,21792.2,1.2488,,3.9123,32.7,70.61,97.104,0.718
26/12/2018,12.39,46.22,495.5,373.25,103.9,1269.2,870,22878.45,1.3304,,3.8976,32.74,70.26,97.035,0.7107
27/12/2018,12.25,44.61,495,374.5,101.75,1277.3,869,23138.82,1.304,,3.8419,32.65,69.96,96.276,0.7109
28/12/2018,12.39,45.33,496,375.5,100.95,1279.9,882.75,23062.4,1.3262,,3.9039,32.64,70.13,96.956,0.7032
31/12/2018,12.03,45.41,488.75,375,101.85,1278.3,882.5,23327.46,1.3237,,3.9035,32.48,70.1,96.553,0.7057
2/1/2019,11.93,46.54,492.5,375.75,99.5,1281,894.75,23346.24,1.3256,,3.9035,32.59,70.03,96.553,0.7037
3/1/2019,11.69,47.09,503.5,379.75,102.15,1291.8,900.25,22686.22,1.3495,,3.9219,32.57,70.06,97.05,0.7065
4/1/2019,11.93,47.96,506,383,101.6,1282.7,909.5,23433.16,1.3478,,3.8732,32.53,70.34,96.481,0.7033
7/1/2019,12.65,48.52,503,382.25,102.75,1286.8,912.25,23531.35,1.3408,,3.8804,32.54,69.92,96.402,0.7041
8/1/2019,12.76,49.78,505,380,105.05,1283.2,906.25,23787.45,1.3626,,3.8804,32.33,69.56,96.173,0.7049
9/1/2019,12.87,52.36,505.5,382,105.3,1289.3,911.5,23879.12,1.4254,,3.8804,32.04,69.45,96.173,0.7052
10/1/2019,12.67,52.59,498.75,376.25,104.25,1284.7,895.5,24001.92,1.4307,,3.7897,32.26,69.98,96.819,0.6984
11/1/2019,12.78,51.59,504.5,378.25,103.85,1287.1,899.25,23995.95,1.4007,,3.7564,32.21,70.1,96.305,0.7005
14/1/2019,12.75,50.51,499,378.5,102.75,1289.1,890.75,23909.84,1.3638,,3.7154,31.98,69.54,96.179,0.7112
15/1/2019,13.16,52.11,495.5,371.25,101.3,1286.2,893.25,24065.59,1.4114,,3.7351,31.94,69.78,95.666,0.7147
16/1/2019,13.17,52.31,495.5,374,102.4,1291.6,894.5,24207.16,1.4159,,3.7132,32.03,70.13,95.903,0.7139
17/1/2019,12.85,52.07,504,380,102.4,1291,907.75,24370.1,1.43,,3.6806,31.94,70.55,95.219,0.717
18/1/2019,13.03,53.8,506,381.75,104.95,1281.3,916.75,24706.35,1.4528,,3.7104,31.92,70.41,95.539,0.7185
21/1/2019,13.03,53.8,506,381.75,104.95,1281.3,916.75,24706.35,1.4528,,3.7108,31.89,70.38,95.67,0.7215
22/1/2019,12.93,52.57,509.75,379,103.35,1282.5,909.25,24404.48,1.4015,,3.6978,31.92,70.75,95.61,0.7195
23/1/2019,12.97,52.62,515,378.75,103.4,1283.1,915,24575.62,1.3857,,3.7167,31.89,71.09,96.039,0.72
24/1/2019,12.98,53.13,511.5,377,105.3,1279.1,916,24553.24,1.3876,,3.7361,31.71,70.97,96.059,0.7166
25/1/2019,12.44,53.69,509.5,380.25,106.8,1297.4,925.25,24737.2,1.3894,,3.7502,31.75,71.05,96.065,0.7191
28/1/2019,12.79,51.99,506.75,379.75,102.65,1302.4,923.25,24528.22,1.3331,,3.7502,31.74,71.2,96.336,0.7167
29/1/2019,12.69,53.31,500.25,377.25,102.6,1308.2,919,24579.96,1.3509,,3.7535,31.8,71.18,96.336,0.7158
30/1/2019,12.53,54.23,502.25,381.25,102.1,1309.9,921,25014.86,1.3823,,3.8142,31.77,71.25,96.303,0.7122
31/1/2019,12.73,53.79,499,376.5,105.9,1319.7,915.25,24999.67,1.3627,,3.7648,31.68,71.18,96.123,0.7141
1/2/2019,12.6,55.26,508.75,378.25,103.7,1316.9,917.75,25063.89,1.4369,,3.7718,31.69,70.99,96.601,0.7094
4/2/2019,12.85,54.56,510.5,379.25,105.6,1314.3,918.5,25239.37,1.4323,,3.7695,31.52,70.89,95.794,0.7182
5/2/2019,12.82,53.66,511.25,380.75,104.85,1314.2,920.25,25411.52,1.4259,,3.7614,31.52,71.06,95.746,0.7165
6/2/2019,12.9,54.01,509.25,380,105.5,1309.5,921.75,25390.3,1.4591,,3.7201,31.43,71.38,95.821,0.7153
7/2/2019,12.73,52.64,496.25,376.5,104.3,1309.4,913.25,25169.53,1.4258,,3.6849,31.25,71.22,95.34,0.7246
8/2/2019,12.71,52.72,494.25,374.25,102.6,1313.7,914.5,25106.33,1.4464,,3.6439,31.2,70.95,95.578,0.7272
11/2/2019,12.67,52.41,493.75,372.75,100.2,1307,905,25053.11,1.4192,,3.6596,31.3,71.42,95.579,0.7249
12/2/2019,12.85,53.1,492,378.25,100.45,1309.2,917.5,25425.76,1.4272,,3.6686,31.28,71.7,95.852,0.7224
13/2/2019,12.75,53.9,494,378.75,98.9,1310.8,916.5,25543.27,1.4651,,3.6695,31.24,71.52,96.067,0.7234
14/2/2019,12.61,54.41,481.5,374.75,97.85,1309.8,903.5,25439.39,1.5085,,3.6982,31.25,71.54,96.39,0.7103
15/2/2019,13.14,55.59,476.5,374.75,97.95,1318.1,907.5,25883.25,1.5729,,3.7166,31.23,71.29,96.507,0.7099
18/2/2019,13.14,55.59,476.5,374.75,97.95,1318.1,907.5,25883.25,1.5729,,3.729,31.48,71.16,96.637,0.7088
19/2/2019,13.35,56.09,460.75,369.75,97.2,1340.1,900.75,25891.32,1.5638,,3.7576,31.44,71.13,97.057,0.7059
20/2/2019,13.44,56.92,450,370.75,97.55,1343.3,902.5,25954.44,1.5981,,3.7097,31.29,70.53,96.709,0.7093
21/2/2019,13.24,56.96,455.25,375.5,96.1,1323.5,911,25850.63,1.6144,,3.7543,31.39,70.87,97.129,0.7088
22/2/2019,13.37,57.26,458.5,375.25,96.45,1329.2,910.25,26031.81,1.6112,,3.7232,31.32,71.01,96.978,0.7105
25/2/2019,13.1,55.48,442.25,370.5,96.4,1325.9,911.75,26091.95,1.5452,,3.7007,31.26,71.32,96.904,0.7139
26/2/2019,12.88,55.5,435.75,366.25,93.55,1325.1,903.75,26057.98,1.5863,,3.7351,31.2,71.37,96.904,0.713
27/2/2019,12.91,56.94,438.75,363.75,95.7,1317.7,903.5,25985.16,1.634,,3.7227,31.12,71.29,96.52,0.7163
28/2/2019,12.73,57.22,441,362,95.2,1312.8,897.5,25916,1.6293,,3.7273,31.08,71,96.454,0.7163
1/3/2019,12.62,55.8,440.75,364,96.95,1296.4,899.25,26026.32,1.7303,,3.7693,31.2,71.15,96.605,0.7092
4/3/2019,12.36,56.59,434.25,365,94.1,1284.8,903.25,25819.65,1.749,,3.7482,31.31,71.02,96.507,0.7127
5/3/2019,12.44,56.56,444,366,96.45,1282,901.25,25806.63,1.7674,,3.7519,31.27,70.82,96.413,0.7165
6/3/2019,12.16,56.22,431.25,362.5,95.5,1284.9,889.75,25673.46,1.789,,3.7487,31.28,70.95,96.003,0.7186
7/3/2019,12.14,56.66,420.25,356,93.65,1283.8,890.75,25473.23,1.8054,,3.7285,31.43,71.19,96.154,0.7138
8/3/2019,12.18,56.07,424.75,354.75,95.3,1297,883.75,25450.24,1.8017,,3.7511,31.57,70.83,96.157,0.7094
11/3/2019,12.29,56.79,414.25,352.5,94,1288.8,877.75,25650.88,1.826,,3.7749,31.81,70.99,96.527,0.708
12/3/2019,12.33,56.87,435.75,356.5,92.8,1296.3,884.75,25554.66,1.8155,,3.775,31.84,70.9,96.682,0.7092
13/3/2019,12.36,58.26,429.75,357.25,94.45,1307.5,889,25702.89,1.8568,,3.775,31.74,70.49,96.866,0.7082
14/3/2019,12.41,58.61,429.75,361.5,93.95,1293.4,889.5,25709.94,1.8495,,3.8397,31.84,70.07,96.873,0.7032
15/3/2019,12.52,58.52,443,373.25,94.6,1301.8,909.25,25848.87,1.8577,,3.8701,31.85,70.09,97.667,0.7013
18/3/2019,12.84,59.09,436.5,371.5,93.65,1300.3,905.75,25914.1,1.8828,,3.8666,31.73,70,97.306,0.7045
19/3/2019,12.78,59.03,435.75,371.25,93.45,1305,904,25887.38,1.8931,,3.8392,31.66,69.84,97.215,0.7069
20/3/2019,12.74,59.83,444,371.5,94.75,1300.5,906,25745.67,1.9166,,3.8111,31.64,69.61,96.935,0.708
21/3/2019,12.5,59.98,447,376.25,94.8,1306.1,910.5,25962.51,1.9203,,3.8142,31.59,69.51,96.55,0.7093
22/3/2019,12.57,59.04,445,378.25,93.9,1311.6,903.75,25502.32,1.9259,,3.843,31.76,69.36,96.785,0.7064
25/3/2019,12.48,58.82,449.25,379.75,94.25,1321.9,906.5,25516.83,1.9379,,3.8131,31.67,68.94,96.595,0.7087
26/3/2019,12.59,59.94,443.25,377.25,95.35,1314.3,900.75,25657.73,1.9557,,3.7913,31.69,68.62,96.524,0.7102
27/3/2019,12.58,59.41,444.5,373.75,93.85,1309.9,887.5,25625.59,1.8955,,3.7885,31.66,69.01,96.383,0.7087
28/3/2019,12.53,59.3,438.75,374,94,1289.8,889.5,25717.46,1.8799,,3.7756,31.64,68.78,95.761,0.7115
29/3/2019,12.53,60.14,430,356.5,94.5,1293,884.25,25928.68,1.8956,,3.7921,31.72,68.8,96.495,0.7111
1/4/2019,12.67,61.59,434.5,361.75,92.1,1288.4,895.5,26258.42,1.8989,,3.9066,31.74,69.16,96.651,0.7082
2/4/2019,12.66,62.58,433.25,361.5,91.65,1290,900,26179.13,1.9285,,3.8535,31.54,68.88,96.566,0.7111
3/4/2019,12.42,62.46,436.75,362.75,95.35,1289.9,898.75,26218.13,1.9512,,3.8769,31.62,68.99,96.736,0.7134
4/4/2019,12.71,62.1,439.5,365.25,95.3,1289,906.5,26384.63,1.9399,,3.9933,31.9,69.09,96.774,0.7084
5/4/2019,12.76,63.08,431.25,362.5,93.2,1290.4,899,26424.99,1.9687,,3.9005,31.87,69.17,97.202,0.7075
8/4/2019,12.57,64.4,431.5,360,92.95,1297.1,898.75,26341.02,1.988,,3.9238,31.72,69.18,97.284,0.7094
9/4/2019,12.78,63.98,427.5,360,93.65,1303.5,898.75,26150.58,1.999,,3.8508,31.68,69.19,97.232,0.7111
10/4/2019,12.81,64.61,426.25,361.75,94.25,1309.1,902,26157.16,2.0692,,3.8525,31.76,68.91,97.361,0.707
11/4/2019,12.66,63.58,430.5,360,90.25,1288.6,895.25,26143.05,2.0309,,3.8694,31.74,68.44,97.091,0.7112
12/4/2019,12.77,63.89,434.25,361,90.4,1290.6,895.25,26412.3,2.037,,3.8587,31.79,68.97,97.308,0.7111
15/4/2019,12.66,63.4,427.25,362.75,91.4,1286.8,898.75,26384.77,2.0118,,3.873,31.88,69.16,97.395,0.7105
16/4/2019,12.51,64.05,417,359,90.5,1272.6,888,26452.66,2.0317,,3.849,31.87,69.55,97.05,0.7126
17/4/2019,12.35,63.76,420.5,358.25,87.05,1272.2,879,26449.54,2.0418,,3.8502,31.75,69.27,97.006,0.7122
18/4/2019,12.76,64,420,358.5,90.2,1271.9,880.5,26559.54,2.0722,,3.8247,31.72,69.14,96.946,0.717
22/4/2019,12.54,65.7,411.75,354.75,91.1,1273.5,877,26511.05,2.1298,,3.857,31.86,69.01,97.177,0.7123
23/4/2019,12.7,66.3,414.5,351.25,91.5,1269.3,862,26656.39,2.1316,,3.8812,31.74,69.18,96.972,0.7171
24/4/2019,12.68,65.89,404.5,346.75,90.45,1275.5,855.25,26597.05,2.1285,,3.872,31.78,69.38,96.942,0.7173
25/4/2019,12.36,65.21,404.25,347.5,92.05,1275.8,859.25,26462.08,2.1321,,3.9031,31.83,69.52,97.043,0.7175
26/4/2019,12.26,63.3,399.75,351.25,92.7,1284.9,853.75,26543.33,2.1006,,3.9373,31.78,69.42,97.009,0.7178
29/4/2019,11.63,63.5,389.75,352,91.35,1278.6,847.5,26554.39,2.0828,,3.9261,31.8,69.39,97.474,0.715
30/4/2019,11.99,63.91,386.25,353.25,91.85,1282.8,841.25,26592.91,2.1232,,3.926,31.82,69.4,97.378,0.7152
1/5/2019,12.21,63.6,389.25,360,89.8,1281.4,839.5,26430.14,2.0642,,3.9358,31.9,69.69,97.287,0.7133
2/5/2019,12.23,61.81,393,362,90.25,1269.7,830.5,26307.79,2.0183,,3.9197,31.98,69.76,97.636,0.7101
3/5/2019,12.01,61.94,393,363,89.25,1279.2,829.5,26504.95,2.0265,,3.9922,32.04,69.95,98.173,0.7015
6/5/2019,11.88,62.25,394.25,355.75,88.8,1281.7,817.5,26438.48,1.9966,,3.953,32.05,70.16,98.203,0.7013
7/5/2019,11.95,61.4,394.75,358,86.65,1283.5,817.75,25965.09,1.9487,,3.9288,31.93,69.84,98.006,0.7039
8/5/2019,11.65,62.12,394.25,355.25,87.2,1279.4,814.25,25967.33,1.975,,3.9442,31.91,69.8,97.857,0.7055
9/5/2019,11.78,61.7,390,344.5,89.5,1283.5,800.25,25828.36,1.9754,,3.9207,31.89,69.64,97.479,0.7048
10/5/2019,11.72,61.66,379.25,342.5,89.45,1285.7,797,25942.37,1.9891,,3.9195,31.95,69.52,97.686,0.7013
13/5/2019,11.84,61.04,397,347.5,88.25,1300.1,791,25324.99,1.9637,,3.9654,31.99,69.4,97.832,0.7
14/5/2019,11.94,61.78,401.75,360.5,89.55,1294.7,817.75,25532.05,1.9767,,3.9378,31.9,69.08,97.52,0.7023
15/5/2019,11.85,62.02,402,369.5,89.9,1296.3,835.5,25648.02,2.0127,,3.9683,31.89,69.37,97.515,0.6989
16/5/2019,11.78,62.87,416.75,379,90,1285,839.75,25862.68,2.0618,,3.97,31.9,69.63,97.628,0.7011
17/5/2019,11.55,62.76,420.25,383.25,87.35,1274.5,821.75,25764,2.0473,,3.9279,31.8,69.71,97.623,0.6988
20/5/2019,11.62,63.1,434.5,389,88.25,1276.1,831.75,25679.9,2.0099,,3.9456,31.78,70.19,97.373,0.6988
21/5/2019,11.81,62.99,436,394.25,92.9,1272,822,25877.33,2.0193,,3.9566,31.53,70,97.33,0.7
22/5/2019,11.62,61.42,432.25,394.5,91.75,1273.6,828.5,25776.61,1.9912,,3.9925,31.62,70.56,97.319,0.6943
23/5/2019,11.57,57.91,425.25,389.75,93.5,1284.8,821.5,25490.47,1.9133,,3.9745,31.52,70.32,97.526,0.6941
24/5/2019,11.66,58.63,442,404.25,93.3,1283,829.75,25585.69,1.9345,,4.0012,31.53,70.23,97.569,0.6927
27/5/2019,11.66,58.63,442,404.25,93.3,1283,829.75,25585.69,1.9345,,4.0467,31.67,70.12,97.855,0.6892
28/5/2019,11.75,59.14,460.75,420.25,96.05,1276.5,856,25347.77,1.9567,,4.0997,31.84,70.28,97.995,0.6868
29/5/2019,11.87,58.81,453.25,418.75,99.5,1280.6,872,25126.41,1.9452,,4.0963,31.86,69.59,97.933,0.6906
30/5/2019,11.76,56.59,479,436.25,102.35,1287.1,889,25169.88,1.8786,,4.0387,31.94,69.63,98.062,0.6883
31/5/2019,12.1,53.5,473,427,104.6,1305.8,877.75,24815.04,1.802,,4.04,31.92,69.64,98.041,0.688
3/6/2019,12.19,53.25,486.75,424.25,103.75,1322.7,879,24819.78,1.7413,,4.0394,31.91,69.66,97.856,0.6899
4/6/2019,12.42,53.48,468.5,425.25,105.65,1323.4,881.75,25332.18,1.7242,,4.0213,31.83,69.37,97.613,0.6923
5/6/2019,12.21,51.68,445.75,414.75,99.1,1328.3,869.75,25539.57,1.6928,,4.041,31.83,69.49,97.613,0.6917
6/6/2019,12.51,52.59,455.25,420.5,102.05,1337.6,868.75,25720.66,1.7076,,4.0243,31.85,69.59,97.952,0.6922
7/6/2019,12.5,53.99,449,415.75,100.95,1341.2,856.25,25983.94,1.7389,,3.9742,31.82,69.84,98.144,0.6917
10/6/2019,12.4,53.26,453,415.75,98.6,1324.7,858.5,26062.68,1.7303,,3.9816,31.76,69.82,98.142,0.6911
11/6/2019,12.54,53.27,457.5,427.75,97,1326.4,859.25,26048.51,1.7563,,3.9218,31.52,69.57,97.75,0.6938
12/6/2019,12.62,51.14,462.75,430,99.05,1331.9,878,26004.83,1.6861,,3.8851,31.3,69.15,97.142,0.6976
13/6/2019,12.75,52.28,468.25,442,97.35,1339.2,888,26106.77,1.7199,,3.8542,31.31,69.28,97.072,0.699
14/6/2019,12.75,52.51,476.25,453,96,1340.1,896.75,26089.61,1.7325,,3.8808,31.41,69.37,97.32,0.6969
17/6/2019,12.66,51.93,475.5,454.75,96.05,1338.7,912.75,26112.53,1.6908,,3.8795,31.29,69.15,97.044,0.6976
18/6/2019,12.61,53.9,465.25,449.75,94.3,1346.6,913.5,26465.54,1.7214,,3.8774,31.25,69.34,96.544,0.6998
19/6/2019,12.5,53.76,457.5,441,96.25,1344.6,903.25,26504,1.7355,,3.8874,31.35,69.52,96.761,0.6961
20/6/2019,12.43,56.65,460.5,450,101.05,1392.9,915.5,26753.17,1.7863,,3.8569,31.28,69.38,96.686,0.696
21/6/2019,12.22,57.43,452.5,442.25,99.8,1396.2,902.75,26719.13,1.8561,,3.8669,31.26,69.37,97,0.6928
24/6/2019,12.27,57.9,465.5,446.75,102,1414.3,909,26727.54,1.8549,,3.8485,31.19,69.51,97.013,0.6913
25/6/2019,12.33,57.83,465.25,447.5,106.45,1414.9,903.5,26548.22,1.8772,,3.8956,31.21,69.81,97.572,0.6872
26/6/2019,12.03,59.38,469,443.25,104.9,1411.6,894.25,26536.82,1.9704,,3.8881,31.35,69.84,97.558,0.6852
27/6/2019,12.53,59.43,468,440,105.55,1408.4,887.75,26526.58,1.9466,,3.8595,31.21,69.6,97.644,0.6876
28/6/2019,12.32,58.47,451.5,420.25,108.25,1409.7,899.75,26599.96,1.9425,,3.8388,31.23,69.64,97.117,0.6881
1/7/2019,12.57,59.09,434.75,412,110.15,1385.6,885.5,26717.43,1.9305,,3.8386,30.86,69.51,96.629,0.6922
2/7/2019,12.35,56.25,424,413.5,108.25,1404.6,876.25,26786.68,1.8703,,3.819,30.78,69.61,96.22,0.6923
3/7/2019,12.54,57.34,436,433,112.25,1417.7,885.25,26966,1.9167,,3.8248,30.66,69.25,95.98,0.6961
4/7/2019,12.54,57.34,436,433,112.25,1417.7,885.25,26966,1.9167,,3.8478,30.7,69.31,96.14,0.6957
5/7/2019,12.36,57.51,439,434,109.45,1396.7,872.25,26922.12,1.9295,,3.8433,30.72,69.24,96.214,0.6983
8/7/2019,12.45,57.66,442,438.5,104.75,1397,875.25,26806.14,1.9013,,3.8194,30.78,69.07,96.194,0.7008
9/7/2019,12.35,57.83,440.5,431.75,105.9,1397.5,882.75,26783.49,1.9269,,3.8518,30.68,68.94,96.13,0.702
10/7/2019,12.5,60.43,441.25,434.25,104.35,1410.1,893,26860.2,2.0052,,3.8401,30.64,68.88,96.844,0.6965
11/7/2019,12.38,60.2,461.25,447.75,105.5,1404.3,896.25,27088.08,1.9895,,3.8447,30.56,68.88,96.726,0.6994
12/7/2019,12.3,60.21,461.25,449.5,105.2,1409.9,906.75,27332.03,1.977,,3.8258,30.59,68.79,96.768,0.7028
15/7/2019,12.06,59.58,449,441,108.8,1411.4,901.75,27359.16,1.9303,,3.8008,30.67,68.5,96.768,0.7019
16/7/2019,11.99,57.62,446.25,435.25,104.1,1409.2,887.75,27335.63,1.8918,,3.8215,30.78,68.44,97.286,0.6979
17/7/2019,11.79,56.78,441.75,436,105.95,1421.3,882.5,27219.85,1.8787,,3.8063,30.8,68.55,97.384,0.697
18/7/2019,11.55,55.3,432.75,424.5,107.15,1426.1,881.25,27222.97,1.8342,,3.8,30.8,68.55,97.489,0.6927
19/7/2019,11.59,55.63,440,430.75,105.85,1425.1,901.5,27154.2,1.8405,,3.7543,30.69,68.4,97.104,0.6957
22/7/2019,11.56,56.22,429.25,422.25,105.1,1425.3,888.25,27171.9,1.8279,,3.754,30.7,68.4,97.05,0.6973
23/7/2019,11.98,56.77,431.5,425.5,102.3,1420.1,885.75,27349.19,1.8605,,3.7358,30.93,68.55,96.81,0.7017
24/7/2019,12.06,55.88,439.5,424,101,1422.8,891,27269.97,1.8551,,3.7555,30.89,68.54,96.933,0.7039
25/7/2019,12,56.02,437.5,418.5,100.65,1413.9,882.5,27140.98,1.8803,,3.768,30.9,68.64,97.395,0.7012
26/7/2019,12.02,56.2,432,414.5,99.75,1418.5,883.25,27192.45,1.8744,,3.7632,30.86,68.83,97.223,0.7009
29/7/2019,12.07,56.87,436.5,417,101.15,1419.6,885.75,27221.35,1.8634,,3.7187,30.81,68.85,96.794,0.7075
30/7/2019,12.15,58.05,433.5,411.25,99.5,1429.7,878.75,27198.02,1.8969,,3.7481,30.83,68.85,97.151,0.7042
31/7/2019,12.21,58.58,422.75,400.25,99.65,1426.1,864,26864.27,1.902,,3.7403,30.84,68.92,97.257,0.7034
1/8/2019,12.12,53.95,415.75,392.75,97.25,1420.9,847,26583.42,1.7499,,3.7735,30.91,69.02,97.705,0.7004
2/8/2019,12.02,55.66,421.75,399.5,98.15,1445.6,850.25,26485.01,1.7815,,3.7726,30.9,68.97,97.729,0.6976
5/8/2019,11.82,54.69,426.75,405.25,95.65,1464.6,850.25,25717.74,1.718,,3.7783,30.92,69.03,97.818,0.695
6/8/2019,11.73,53.63,418,404,97.05,1472.4,847.75,26029.52,1.6873,,3.7753,30.86,68.87,98.01,0.6908
7/8/2019,11.34,51.09,417.75,406.5,96.9,1507.3,848.75,26007.07,1.6203,,3.7813,30.85,68.75,98.044,0.6901
8/8/2019,11.43,52.54,418.5,411,97.4,1497.7,865,26378.19,1.6457,,3.7896,30.79,68.85,98.05,0.6871
9/8/2019,11.86,54.5,417,410.25,97.3,1496.6,873.75,26287.44,1.674,,3.8125,30.7,68.86,98.516,0.6844
12/8/2019,11.56,54.93,392.25,385.25,93.75,1505.3,861.5,25907.37,1.6652,,3.8388,30.82,69.01,98.369,0.6799
13/8/2019,11.72,57.1,383.5,366,96.35,1502.2,872,26279.91,1.7364,,3.8883,30.7,69.69,98.074,0.6799
14/8/2019,11.61,55.23,384.75,359,94.45,1515.9,861,25479.42,1.6758,,3.9778,30.82,70.8,97.522,0.6756
15/8/2019,11.63,54.47,389.75,360.75,94.55,1519.6,858,25579.39,1.6364,,3.9603,30.71,71.03,97.63,0.676
16/8/2019,11.64,54.87,394.25,371,92.85,1512.5,867.25,25886.01,1.6568,,3.9682,30.8,71.13,97.544,0.6755
19/8/2019,11.47,56.21,391.25,365,91.15,1500.4,854,26135.79,1.6644,,3.9188,30.75,70.41,97.618,0.68
20/8/2019,11.44,56.34,386.75,359.5,91.45,1504.6,855.75,25962.44,1.6811,,3.9406,30.79,70.91,97.491,0.6787
21/8/2019,11.39,55.68,386.25,362.5,92.85,1504.6,860.5,26202.73,1.6938,,3.9853,30.85,71.27,97.38,0.6752
22/8/2019,11.58,55.35,393.25,363.25,93.5,1497.3,856,26252.24,1.6675,,3.9646,30.78,71.41,97.812,0.68
23/8/2019,11.47,54.17,391.5,359.75,92.6,1526.6,843.25,25628.9,1.6428,,4.0522,30.84,71.27,97.987,0.6747
26/8/2019,11.43,53.64,389,358.5,94.15,1526.3,853.75,25898.83,1.6165,,3.9908,30.82,71.79,98.144,0.6775
27/8/2019,11.24,54.93,392.75,357,93.8,1541,846.25,25777.9,1.6499,,4.0054,30.91,71.15,98.142,0.678
28/8/2019,11.37,55.78,392.25,362.75,94.2,1537.8,852.75,26036.1,1.6824,,4.074,30.85,71.44,98.347,0.6762
29/8/2019,11.21,56.71,387.25,359.75,91.9,1526.5,856.25,26362.25,1.6847,,4.0529,30.76,71.54,98.19,0.6776
30/8/2019,11.14,55.1,378.25,358,93.6,1519.1,857,26403.28,1.6134,,4.026,30.78,71.43,98.295,0.678
2/9/2019,11.14,55.1,378.25,358,93.6,1519.1,857,26403.28,1.6134,,4.0704,30.79,71.91,98.17,0.6756
3/9/2019,11.19,53.94,362,349.75,92.35,1545.9,856.5,26118.02,1.4705,,4.1196,30.6,71.49,97.64,0.6754
4/9/2019,11.01,56.26,374,346,93.4,1550.3,862.5,26355.47,1.5329,,4.1569,30.57,72.02,98.081,0.6774
5/9/2019,10.97,56.3,382,346.5,92.2,1515.4,849.75,26728.15,1.546,,4.13,30.57,71.52,97.999,0.6751
6/9/2019,11.02,56.52,375.25,342.5,93.85,1506.2,845,26797.46,1.5742,,4.1677,30.6,71.8,98.21,0.6733
9/9/2019,10.92,57.85,380,340.75,95,1502.2,845,26835.51,1.5846,,4.1685,30.6,71.68,98.507,0.6724
10/9/2019,10.88,57.4,382,348.5,98.35,1490.3,859.25,26909.43,1.5908,,4.1445,30.6,71.45,98.916,0.6736
11/9/2019,10.81,55.75,376.75,348.25,100.15,1494.4,854,27137.04,1.5699,,4.1857,30.62,71.95,98.916,0.6713
12/9/2019,10.76,55.09,380,354.5,100.35,1498.7,883,27182.45,1.553,,4.1678,30.61,72.16,99,0.6757
13/9/2019,10.89,54.85,383.5,355.5,99.5,1490.9,884.75,27219.52,1.5531,,4.0948,30.56,71.97,98.451,0.6796
16/9/2019,11.09,62.9,409,374,100.8,1503.1,900,27076.82,1.7524,,4.1081,30.68,71.91,98.414,0.6813
17/9/2019,10.94,59.34,402.25,368,96.85,1505.1,893.75,27110.8,1.6751,,4.0607,30.62,71.63,98.394,0.6846
18/9/2019,11,58.11,409.75,371.25,96.85,1507.5,888.75,27147.08,1.6577,,4.0943,30.62,71.75,98.281,0.6861
19/9/2019,10.99,58.13,409.5,372.75,98.35,1498.4,893,27094.79,1.7007,,4.0798,30.6,71.87,98.326,0.6859
20/9/2019,11.09,58.09,407.5,370.75,98.4,1507.3,882.75,26935.07,1.6784,,4.0671,30.58,71.55,98.645,0.6861
23/9/2019,11.22,58.64,406.5,373.25,99,1523.7,892.5,26949.99,1.6838,,4.0602,30.39,70.94,98.309,0.6866
24/9/2019,11.5,57.29,405,374.75,99.15,1532.1,894.25,26807.77,1.6543,,4.084,30.46,70.97,98.257,0.6877
25/9/2019,11.8,56.49,404,374.25,100.95,1504.6,889.25,26970.71,1.6252,,4.0801,30.5,71.56,98.61,0.6864
26/9/2019,11.63,56.41,408.25,372.5,100.85,1507.5,888.5,26891.12,1.6612,,4.0773,30.51,71.47,98.261,0.6864
27/9/2019,11.53,55.91,407.5,371.5,100.9,1499.1,883,26820.25,1.6514,,4.1106,30.51,71.13,98.561,0.6827
30/9/2019,11.92,54.07,415,388,101.15,1465.7,906,26916.83,1.6049,,4.1672,30.52,71.37,98.272,0.6789
1/10/2019,12.88,53.62,411.5,392.5,101.35,1482,919.5,26573.04,1.5737,,4.1472,30.49,71.06,98.513,0.6768
2/10/2019,12.89,52.64,405.75,387.75,100.6,1501,913.75,26078.62,1.5455,,4.1629,30.46,70.79,98.599,0.6773
3/10/2019,12.74,52.45,405.75,388.75,102.05,1507.1,911.75,26201.04,1.5559,,4.1647,30.54,70.95,98.337,0.6799
4/10/2019,12.76,52.81,404,384.75,99,1506.2,916.25,26573.72,1.5734,,4.1477,30.6,70.97,99.037,0.675
7/10/2019,12.52,52.75,402.25,387,97,1497.7,915.25,26478.02,1.5694,,4.1707,30.64,70.95,99.132,0.6748
8/10/2019,12.46,52.63,410.25,395.75,95.7,1497.2,920.5,26164.04,1.5809,,4.1599,30.6,70.49,99.109,0.6765
9/10/2019,12.41,52.59,413.25,394.25,95.45,1506.1,923.75,26346.01,1.5871,,4.1551,30.59,70.64,99.377,0.6749
10/10/2019,12.41,53.55,403.25,380.25,93.5,1494.8,923.5,26496.67,1.6233,,4.1578,30.6,71.1,99.128,0.6702
11/10/2019,12.41,54.7,419.5,397.75,93.7,1482.7,936,26816.59,1.6388,,4.1287,30.57,71.14,99.019,0.6703
14/10/2019,12.52,53.59,425.75,397.75,94.85,1491.7,940.5,26787.36,1.6132,,4.0832,30.53,71.02,98.864,0.6741
15/10/2019,12.59,52.81,421.25,393.25,94.45,1477.6,934,27024.8,1.6144,,4.0551,30.41,70.82,98.808,0.6768
16/10/2019,12.35,53.36,425,391.75,93.55,1488,928,27001.98,1.6248,,4.1068,30.46,70.97,98.967,0.6731
17/10/2019,12.24,53.93,431.25,394.75,92.9,1492.3,931.5,27025.88,1.6225,,4.0942,30.4,71.21,99.133,0.6728
,,,,,,,,,,,4.1089,30.31,71.11,99.118,0.6723
,,,,,,,,,,,4.1089,30.39,70.98,98.701,0.6761
,,,,,,,,,,,4.1094,30.43,70.91,98.301,0.6787
,,,,,,,,,,,4.1255,30.42,71.23,98.454,0.6774
,,,,,,,,,,,4.1805,30.42,71.49,98.288,0.6752
,,,,,,,,,,,4.1505,30.36,71.35,98.002,0.6756
,,,,,,,,,,,4.163,30.27,71.12,97.607,0.6823
